4583
96,053568 92,617887 -18,823802
99,131884 88,323480 -25,880988
106,470856 82,698087 -29,690433
107,766359 89,905326 -19,170964
115,278825 76,837973 -29,494616
115,478947 86,466441 -18,527767
122,931642 73,895516 -23,849145
126,695700 77,699212 -13,373657
116,128448 90,477314 -11,458826
107,719455 94,179765 -10,634618
94,169565 96,756237 -10,221479
106,416513 96,355660 -5,601541
93,644302 98,503768 -4,733346
105,416391 97,941837 2,033420
93,005387 100,940379 3,843047
104,578811 99,198508 13,513301
116,351429 95,657681 1,231171
116,164336 97,211700 11,121087
121,646192 94,408316 7,279972
125,569187 89,525953 2,629213
116,682509 92,811737 -6,504424
127,886426 85,093639 -4,773738
129,011574 72,223067 -17,324192
140,349201 70,911231 -8,304362
134,141536 81,780323 -3,008904
140,540587 79,158889 -0,838856
138,248147 87,455791 4,968366
134,485478 92,100574 8,363180
129,997019 97,003653 13,212140
121,032635 99,643322 17,717924
115,092197 99,942230 18,498151
103,741355 100,123391 18,060521
91,594901 104,196162 13,751045
148,014507 66,989293 -4,331358
146,665397 75,549872 2,328422
145,283895 85,067358 10,673319
141,297171 90,560674 15,220628
135,360774 95,572247 21,217171
124,456029 99,237275 25,512894
115,078919 98,811551 27,080362
104,963366 99,693219 26,678472
91,313433 104,452559 23,367996
151,916137 54,910205 8,812092
150,400086 62,395820 16,954927
149,222074 70,790896 25,956102
145,141336 75,527214 31,891090
138,494993 79,448086 37,623878
128,135094 82,728949 43,624283
116,491766 82,329436 46,129985
104,965924 80,341347 46,958859
89,308712 78,063067 48,522898
137,957466 57,275487 -34,083445
126,536299 56,332598 -45,053535
133,024947 47,854347 -47,849740
145,153126 49,892068 -34,840784
141,625299 59,804017 -23,885714
134,546747 61,791150 -31,411762
124,317506 64,459595 -37,344925
122,317056 68,366594 -32,465039
118,652641 71,616919 -40,903730
148,155267 59,255111 -17,801296
152,678044 58,461759 -12,191349
156,912731 47,603870 -0,017705
156,103594 55,386096 -16,507665
159,744688 43,998740 -4,466466
151,552399 54,343451 -22,280647
-173,250372 76,607566 22,622321
-177,540963 86,404122 33,226665
-189,232624 84,691001 35,292113
-172,131663 85,146346 30,964343
-156,637176 81,626071 25,610407
-198,052679 92,779864 45,409647
-190,029371 94,611642 45,262817
-178,937354 94,481648 43,216252
-171,303642 93,627001 41,964766
-154,564782 91,786776 38,311255
-150,083503 91,635861 38,647703
-134,120399 93,044699 36,403592
-204,097916 97,827407 59,733513
-192,980525 100,495807 59,548597
-180,783090 100,369356 57,103638
-169,187038 99,740942 58,217616
-152,763980 97,555702 50,287893
-151,656901 97,868440 56,826918
-147,613504 96,349093 45,541377
-141,391288 95,059106 45,534078
-136,943854 97,136910 56,191736
-144,332852 98,610637 54,662317
-128,379927 96,013879 36,795789
-125,110320 101,879690 59,710271
-116,920118 100,885751 41,045226
-115,436482 102,422635 50,338437
-101,167604 106,519836 41,650935
-101,167604 106,519836 41,650935
-107,050221 105,414091 58,070581
-115,403780 100,731047 59,043198
-115,436482 102,422635 50,338437
-125,110320 101,879690 59,710271
-106,214295 105,760748 62,159284
-116,302538 96,351226 66,838715
-99,650696 110,790749 57,922771
-89,587805 111,909932 56,565247
-74,754558 112,295382 39,015656
-81,896912 113,962876 52,032824
-74,321738 114,648706 52,331267
-65,887414 114,409542 48,074595
-44,675035 110,167308 34,456870
-44,350492 111,893178 42,234469
-42,215635 104,420917 56,720379
-70,258849 104,815016 63,516106
-96,917810 99,360288 70,635651
-105,011479 96,666673 72,278621
-117,811451 93,596902 71,257435
-124,641866 96,489889 67,892942
-124,641866 96,489889 67,892942
-130,441310 96,127521 65,593410
-125,110320 101,879690 59,710271
-136,943854 97,136910 56,191736
-138,406205 92,755258 64,190334
-131,762748 91,084590 70,512172
-123,882717 91,158258 73,417257
-133,521765 86,254059 79,382533
-121,404513 87,667974 78,495250
-121,404513 87,667974 78,495250
-123,882717 91,158258 73,417257
-117,811451 93,596902 71,257435
-95,063999 94,989172 77,438899
-96,917810 99,360288 70,635651
-70,258849 104,815016 63,516106
-66,901074 98,691044 72,777562
-42,215635 104,420917 56,720379
-41,266116 98,153787 66,229766
-8,160147 101,002554 33,828620
-5,202819 93,480872 50,595541
-2,676741 76,965798 70,453807
-39,604376 81,563119 84,482238
-62,992851 81,537556 90,321261
-89,920594 78,273854 93,689918
-118,103479 71,950050 94,200003
-121,404513 87,667974 78,495250
-118,103479 71,950050 94,200003
-131,630797 70,550521 96,141163
-133,521765 86,254059 79,382533
-143,321295 71,666510 100,230278
-145,470990 90,794642 82,554543
-147,182575 95,548261 69,219099
-138,406205 92,755258 64,190334
-151,656901 97,868440 56,826918
-144,332852 98,610637 54,662317
-136,943854 97,136910 56,191736
-210,428567 100,402632 76,709020
-204,097916 97,827407 59,733513
-192,980525 100,495807 59,548597
-195,960803 100,118261 75,397411
-180,783090 100,369356 57,103638
-179,929505 99,899927 76,725389
-169,187038 99,740942 58,217616
-165,542901 99,780407 73,491254
-152,538272 93,004269 87,088034
-156,818350 96,754662 83,875941
-163,366993 98,656659 81,284377
-168,722242 98,292387 87,147674
-171,206198 95,830314 90,562424
-180,332560 96,414517 91,135616
-188,575789 97,828337 92,467624
-190,892663 99,613450 87,754439
-196,540672 99,948154 85,881218
-202,563674 99,367987 88,191433
-205,574629 98,344157 90,156817
-214,440208 102,031262 82,852079
-219,708993 88,769088 95,703998
-205,330698 96,852986 94,285656
-203,027354 94,671836 97,191117
-211,773070 68,593393 114,210273
-198,065125 93,643674 98,854393
-196,595782 72,760357 114,725169
-191,404188 95,500665 96,626691
-177,107692 74,708058 111,857582
-168,279808 93,486029 95,195087
-162,479627 90,466652 95,768396
-161,250209 74,392214 107,553194
-155,636665 92,086134 92,276946
-106,214295 105,760748 62,159284
-99,650696 110,790749 57,922771
-96,917810 99,360288 70,635651
-89,587805 111,909932 56,565247
-234,828958 92,387676 84,908114
-231,285509 83,997557 94,664718
-244,156825 78,690391 91,659425
-245,855548 87,221840 81,857961
-252,419515 71,509825 89,396960
-251,890138 83,907715 77,181660
-260,257579 62,654494 84,832502
-260,815602 71,585643 76,432509
-265,935023 51,970044 79,315810
-267,194481 60,598468 72,500349
-269,760457 42,861687 72,088586
-270,119277 49,922727 65,991466
-270,502329 33,231465 61,317083
-271,065911 38,721714 56,336834
-268,923611 16,777234 43,131044
-268,613953 20,672335 38,860693
-267,689805 4,202252 29,185892
-266,125023 8,820386 24,938595
-266,827012 -7,253586 17,686445
-266,433666 -1,103709 15,366465
-268,114983 -19,282458 7,077552
-264,329891 -23,950774 31,421986
-265,211766 -35,045987 20,137345
-264,797134 -11,854733 44,082834
-266,495503 1,595933 58,457186
-266,733000 17,838091 75,359964
-265,916327 27,077741 84,736727
-262,948587 36,881813 94,159338
-253,637030 47,467216 102,801246
-246,369681 53,625158 107,364512
-236,521725 59,369877 110,852078
-225,969304 63,711929 112,708400
-219,708993 88,769088 95,703998
-211,773070 68,593393 114,210273
-263,554354 14,558599 20,026630
-265,902239 25,749187 30,868866
-267,291559 48,227635 46,236028
-264,924269 60,843490 56,311192
-260,413112 70,645347 63,748417
-249,902456 81,049760 68,878336
-260,180871 30,806041 24,364060
-250,901430 55,873137 36,534280
-259,937785 51,849700 40,782103
-253,780070 65,038606 49,351788
-248,163443 74,844055 56,390564
-247,941399 66,945030 44,843129
-267,676742 -43,667164 11,815316
-270,366803 -33,042612 -2,755423
-270,463879 -50,053341 5,891789
-272,547534 -38,741509 -8,855026
74,562795 184,954739 70,755246
73,195229 173,399859 65,161401
76,227868 174,423760 63,188126
79,008718 184,407709 69,291795
85,703263 180,859582 67,109869
83,523896 170,712526 62,741272
88,297535 170,597358 60,424237
92,557437 180,455665 65,398443
91,236432 167,273592 63,384524
95,969772 176,249327 69,664327
75,059805 186,893023 73,917597
79,777884 189,671352 76,635597
74,674742 191,360928 78,052204
80,939741 190,472332 79,865911
89,464001 197,373970 72,524122
98,251442 198,381348 71,024534
101,017020 202,167936 73,566356
93,441048 204,863983 74,994194
107,350696 210,334236 75,649599
99,837939 216,328858 75,583175
113,508571 221,207726 79,035733
107,723792 224,600729 80,275075
93,712713 222,585026 84,532089
90,557509 216,112007 80,885800
87,209978 205,104859 78,432811
84,685420 198,473993 76,534710
110,335494 206,449557 78,732358
105,251170 198,978502 76,655843
102,931316 193,918468 73,640927
97,784416 187,574639 71,332618
100,101969 182,407688 74,319592
107,010897 190,994403 78,002596
82,545125 199,259260 80,931465
84,161778 206,022748 83,776987
87,694902 214,763746 86,725046
90,692597 188,431047 72,388826
92,557437 180,455665 65,398443
95,969772 176,249327 69,664327
100,101969 182,407688 74,319592
97,784416 187,574639 71,332618
85,703263 180,859582 67,109869
81,374106 184,149427 67,222736
80,236589 171,237717 62,883117
83,523896 170,712526 62,741272
79,008718 184,407709 69,291795
76,227868 174,423760 63,188126
74,679305 179,694104 79,661092
75,059805 186,893023 73,917597
74,674742 191,360928 78,052204
75,854092 184,272964 86,425420
80,939741 190,472332 79,865911
81,892976 187,668604 85,950806
81,892976 187,668604 85,950806
80,939741 190,472332 79,865911
82,545125 199,259260 80,931465
83,896855 194,699083 89,873018
91,112267 208,474906 97,916854
87,694902 214,763746 86,725046
93,712713 222,585026 84,532089
100,384932 211,001975 97,776798
84,161778 206,022748 83,776987
84,720878 200,450973 93,908186
78,978583 178,683047 89,880777
75,854092 184,272964 86,425420
81,892976 187,668604 85,950806
88,733556 181,376655 87,615088
83,896855 194,699083 89,873018
91,922769 187,201959 96,513780
88,733556 181,376655 87,615088
81,892976 187,668604 85,950806
84,720878 200,450973 93,908186
93,278027 193,912635 102,030840
91,112267 208,474906 97,916854
97,772053 197,539632 105,901381
100,384932 211,001975 97,776798
105,552109 199,796216 105,082884
107,641295 212,304966 95,497405
112,565075 201,524090 102,132128
74,679305 179,694104 79,661092
75,854092 184,272964 86,425420
78,978583 178,683047 89,880777
80,305742 173,102973 83,118434
76,186258 163,649585 71,607092
73,272809 169,771704 70,508486
92,557437 180,455665 65,398443
97,784416 187,574639 71,332618
90,692597 188,431047 72,388826
85,703263 180,859582 67,109869
85,344159 190,567828 73,128962
90,692597 188,431047 72,388826
98,251442 198,381348 71,024534
89,464001 197,373970 72,524122
90,692597 188,431047 72,388826
85,344159 190,567828 73,128962
81,374106 184,149427 67,222736
85,703263 180,859582 67,109869
82,788891 190,695231 74,670158
79,008718 184,407709 69,291795
82,788891 190,695231 74,670158
85,344159 190,567828 73,128962
89,464001 197,373970 72,524122
84,685420 198,473993 76,534710
80,939741 190,472332 79,865911
82,545125 199,259260 80,931465
79,777884 189,671352 76,635597
82,788891 190,695231 74,670158
80,939741 190,472332 79,865911
75,059805 186,893023 73,917597
79,008718 184,407709 69,291795
74,679305 179,694104 79,661092
74,562795 184,954739 70,755246
107,010897 190,994403 78,002596
100,101969 182,407688 74,319592
98,403324 179,522538 78,210560
106,137719 187,097429 82,476061
100,101969 182,407688 74,319592
95,969772 176,249327 69,664327
93,120391 170,539841 72,104885
98,403324 179,522538 78,210560
102,931316 193,918468 73,640927
107,010897 190,994403 78,002596
108,527233 194,085619 80,537531
105,251170 198,978502 76,655843
107,350696 210,334236 75,649599
110,335494 206,449557 78,732358
116,634420 216,661596 79,038629
113,508571 221,207726 79,035733
114,225200 203,394523 82,566162
121,536328 213,688101 85,681242
114,798117 195,903377 89,321509
119,879343 202,352974 94,845532
109,373043 192,030079 84,564686
106,137719 187,097429 82,476061
78,978583 178,683047 89,880777
88,733556 181,376655 87,615088
85,670959 170,399979 82,487509
80,305742 173,102973 83,118434
94,461869 177,186126 82,746859
90,434082 168,926371 76,664326
98,403324 179,522538 78,210560
93,120391 170,539841 72,104885
85,750844 161,786702 70,539665
82,935340 161,511520 70,397939
90,549413 165,536175 66,626925
88,733556 181,376655 87,615088
91,922769 187,201959 96,513780
99,837145 183,980619 92,554952
94,461869 177,186126 82,746859
106,137719 187,097429 82,476061
98,403324 179,522538 78,210560
93,278027 193,912635 102,030840
103,617329 190,268232 97,933405
109,373043 192,030079 84,564686
80,305742 173,102973 83,118434
85,670959 170,399979 82,487509
82,935340 161,511520 70,397939
76,186258 163,649585 71,607092
103,617329 190,268232 97,933405
93,278027 193,912635 102,030840
97,772053 197,539632 105,901381
105,552109 199,796216 105,082884
109,373043 192,030079 84,564686
114,798117 195,903377 89,321509
112,565075 201,524090 102,132128
119,879343 202,352974 94,845532
121,536328 213,688101 85,681242
107,641295 212,304966 95,497405
100,384932 211,001975 97,776798
93,712713 222,585026 84,532089
107,723792 224,600729 80,275075
-204,097916 97,827407 59,733513
-210,428567 100,402632 76,709020
-218,373983 111,116744 73,717086
-211,080508 103,405157 57,668933
-223,759091 119,621040 76,109970
-216,911849 108,425488 55,328397
-230,551214 121,947871 72,846920
-223,475448 108,887477 54,381489
-237,610720 121,847235 72,217886
-229,689306 106,800918 52,683639
-244,800980 119,009005 72,968479
-236,373855 102,123113 53,054734
-252,921605 93,721392 67,476025
-259,381707 106,281716 80,714857
-258,331408 99,941829 87,038169
-251,890138 83,907715 77,181660
-249,902456 81,049760 68,878336
-250,665241 88,410118 61,595216
-230,693539 150,106636 105,515794
-236,070521 150,407413 106,092919
-238,451346 137,395475 94,209986
-231,549389 136,408188 92,626004
-239,186384 131,152281 85,185879
-231,410644 131,011833 84,334779
-241,548718 130,448255 85,556416
-241,238750 148,820825 108,998860
-244,337664 136,072383 98,591222
-248,518085 125,740032 88,602034
-251,569284 112,408172 78,321807
-246,449318 145,766599 113,541147
-250,525219 133,332862 102,124579
-255,519840 121,988759 93,332815
-226,616933 145,829324 106,392310
-227,104773 134,817286 94,614912
-225,673089 127,135871 86,425234
-220,487738 116,076067 83,455703
-224,780728 123,453048 94,032224
-227,235312 132,010125 101,090455
-227,313897 141,667229 109,585894
-223,726451 112,437458 89,998164
-227,874241 121,550188 97,527641
-232,454603 119,404407 100,360807
-233,637430 130,101922 105,802307
-229,636392 108,293597 92,522748
-239,105754 102,248623 90,387633
-240,830038 117,701827 101,230893
-239,294298 129,387471 107,360358
-238,759239 140,882423 115,807914
-232,054652 139,759114 113,675018
-245,855548 87,221840 81,857961
-249,881819 100,408127 91,526767
-234,828958 92,387676 84,908114
-251,982717 114,637226 99,615898
-245,918697 128,970459 107,935624
-242,455081 140,610269 115,947662
-255,287616 118,095330 97,407797
-250,741901 131,675177 108,371202
-247,475848 143,178908 115,834315
-251,518455 97,533233 67,937031
87,256561 156,114963 52,245703
85,104794 158,993192 49,766618
87,207452 148,249857 38,247945
90,423942 143,521842 40,199371
87,815477 141,557716 29,480663
91,036193 137,242964 33,213777
86,692774 128,306409 15,922271
89,535555 123,707486 18,604687
86,018609 122,942310 5,376070
88,603073 117,328312 9,031634
69,600283 160,088784 55,071661
72,835348 160,264041 51,953726
76,227868 174,423760 63,188126
73,195229 173,399859 65,161401
65,998332 151,198133 43,234611
69,551237 152,223683 41,073891
63,055593 143,985683 33,308894
69,044415 145,545216 32,678991
58,108243 133,124544 21,187232
66,862266 133,713308 17,892660
54,815298 126,018796 11,989596
61,216956 128,328257 9,114512
62,571109 148,472522 45,796838
68,717629 158,192836 57,770008
57,912643 140,370615 37,965940
54,531376 129,679446 23,327998
51,623872 122,863149 15,202248
64,498352 144,000933 49,405511
69,584882 154,223168 58,442430
59,885799 135,338068 41,697130
53,880826 123,890106 30,101396
52,215521 108,526882 23,648106
70,132187 138,844482 51,197066
76,134249 148,939337 59,307681
67,163867 131,149184 44,593400
62,321641 114,804862 29,318114
62,491980 106,341351 26,251426
91,236432 167,273592 63,384524
88,297535 170,597358 60,424237
80,503727 160,871784 49,044874
83,523896 170,712526 62,741272
80,765402 132,051633 13,303988
79,400735 127,341895 6,011797
81,068666 146,705431 28,066418
81,798773 153,933299 38,784075
76,599691 161,420531 50,313001
80,236589 171,237717 62,883117
70,179564 127,694813 2,854760
72,744383 132,639285 13,478707
76,254808 147,409206 30,277139
76,398907 155,173902 41,072454
90,692597 188,431047 72,388826
97,784416 187,574639 71,332618
102,931316 193,918468 73,640927
107,641295 212,304966 95,497405
107,723792 224,600729 80,275075
113,508571 221,207726 79,035733
116,634420 216,661596 79,038629
121,536328 213,688101 85,681242
82,935340 161,511520 70,397939
76,134249 148,939337 59,307681
69,584882 154,223168 58,442430
76,186258 163,649585 71,607092
71,330679 112,544173 26,638265
70,315566 105,617536 25,527758
62,491980 106,341351 26,251426
62,321641 114,804862 29,318114
74,219166 128,852796 45,189718
67,163867 131,149184 44,593400
76,645599 136,546377 51,988708
70,132187 138,844482 51,197066
68,717629 158,192836 57,770008
73,272809 169,771704 70,508486
95,969772 176,249327 69,664327
91,236432 167,273592 63,384524
90,549413 165,536175 66,626925
93,120391 170,539841 72,104885
81,198185 149,166560 61,264171
85,750844 161,786702 70,539665
87,809467 150,786336 55,753327
85,069520 136,036497 44,879729
87,256561 156,114963 52,245703
87,635648 116,109213 27,306299
85,383901 107,012003 22,172078
85,966975 128,847546 39,067092
89,535555 123,707486 18,604687
88,603073 117,328312 9,031634
91,036193 137,242964 33,213777
90,423942 143,521842 40,199371
90,415738 110,952476 -1,554798
91,002601 106,702206 -10,291338
93,644302 98,503768 -4,733346
93,005387 100,940379 3,843047
86,877320 117,260092 -4,385478
87,266802 112,873709 -13,671023
80,409163 122,379122 -3,328259
77,670015 115,361893 -17,851060
68,896928 124,265450 -4,130684
67,623126 117,058281 -14,657956
57,437994 123,084603 0,283624
55,071343 114,894413 -11,517643
51,588995 119,819751 1,286100
49,223321 113,005211 -7,034918
48,584965 114,375494 4,998716
45,831391 110,675711 -2,672782
42,634773 100,501380 12,489853
42,510134 101,331070 5,289011
92,318153 103,546793 -16,996950
94,169565 96,756237 -10,221479
89,367482 106,452057 -21,759966
80,255433 109,542548 -26,288794
68,337948 110,684231 -24,824774
56,515987 108,675409 -21,356881
49,446427 108,465560 -16,851236
44,657883 107,140769 -12,889600
38,591559 97,792657 -3,914398
91,594901 104,196162 13,751045
91,313433 104,452559 23,367996
70,179564 127,694813 2,854760
61,216956 128,328257 9,114512
79,400735 127,341895 6,011797
86,018609 122,942310 5,376070
93,740383 97,866312 -26,961659
96,053568 92,617887 -18,823802
55,044603 103,647584 -27,249460
69,160127 103,561943 -32,933886
81,662293 102,823322 -32,772179
88,651552 102,062176 -30,647072
51,623872 122,863149 15,202248
52,215521 108,526882 23,648106
38,062526 94,164259 -17,507676
42,769718 101,477496 -21,642677
54,815298 126,018796 11,989596
48,927889 104,211745 -25,189293
150,904337 -76,451542 -133,935643
137,685675 -75,140145 -125,684621
136,509539 -77,284415 -124,410762
152,464517 -80,321285 -131,561320
151,400819 -71,463256 -135,979608
138,228709 -66,287151 -129,332172
152,213434 -57,431524 -135,300769
138,991199 -54,091531 -128,808611
156,190538 -49,941553 -132,830754
141,091127 -45,785944 -124,608562
158,911856 -39,792776 -128,657493
143,220376 -37,474954 -120,395196
165,590186 -27,003488 -122,111907
146,886112 -20,860111 -111,778544
170,361894 -11,451474 -110,436453
149,813019 -5,449388 -100,058263
174,671624 2,890194 -93,190801
157,736844 12,711082 -83,148551
180,423576 10,908797 -80,628590
162,044331 22,317715 -71,114319
182,459210 12,556570 -76,665440
165,588147 24,609611 -64,660201
185,541322 13,306385 -71,573673
167,904307 26,206288 -58,220659
188,293824 13,646839 -65,633337
173,628498 29,007146 -47,547783
191,763179 14,663644 -59,464791
179,383801 27,924201 -43,616844
193,344285 6,412599 -51,869877
179,734135 20,185222 -34,174329
180,420853 -90,601000 -149,232542
179,641963 -82,175889 -154,342832
164,149081 -78,346379 -142,051419
164,965801 -83,838071 -138,343412
213,306342 -3,438387 -84,448232
215,618910 -12,502280 -77,070915
204,503360 -2,931080 -64,357883
203,876782 5,209602 -74,250132
198,946878 5,280810 -77,598560
210,814597 -0,344231 -91,334039
196,019421 4,265675 -83,962387
206,686799 -1,594111 -101,029586
193,833551 2,964745 -91,804416
202,626292 -8,162278 -115,816968
190,325475 -2,243310 -103,280842
197,389612 -18,037621 -128,732644
183,121476 -14,865998 -119,911772
189,936606 -31,360903 -137,431753
175,938400 -29,598821 -129,640716
188,806121 -42,301991 -145,827666
171,556967 -43,530638 -136,754294
183,825150 -53,249958 -152,811727
167,918289 -51,545858 -141,755165
180,261804 -69,628279 -157,676932
164,079122 -60,718603 -143,857576
180,035304 -76,026057 -156,662857
163,682305 -72,647249 -143,296534
159,744688 43,998740 -4,466466
156,103594 55,386096 -16,507665
169,835434 39,675563 -30,323747
171,559584 30,108544 -21,833709
96,274001 -60,854695 -116,242577
96,920295 -71,979773 -108,981336
120,527089 -74,554599 -117,571730
118,588533 -63,799472 -121,627682
98,303975 -48,915710 -117,368496
119,380215 -51,598637 -121,090873
105,331539 -37,608728 -115,031194
121,928391 -42,146912 -117,336118
107,657198 -24,350354 -110,229506
124,649594 -31,998189 -113,162789
113,627511 -8,872883 -102,159830
127,775297 -15,407473 -104,345974
121,883622 6,820479 -91,144072
135,183483 -0,147665 -92,289246
126,765943 19,897539 -82,716507
143,754107 20,338830 -78,728249
133,405407 28,827322 -74,546273
135,867128 36,917105 -65,947372
150,108747 29,238150 -67,883536
140,467118 41,067503 -51,383135
153,721233 32,344811 -57,834379
145,153126 49,892068 -34,840784
157,636737 36,845532 -46,932536
151,552399 54,343451 -22,280647
165,046570 39,085364 -36,752081
133,024947 47,854347 -47,849740
122,868455 25,262791 -81,387832
116,568080 12,425921 -93,815223
126,176299 33,808452 -73,834842
127,152923 41,632940 -65,893196
126,536299 56,332598 -45,053535
125,179357 49,312683 -57,508149
105,021843 -3,861286 -103,500237
102,703725 -3,120041 -104,761075
97,059902 -19,209653 -110,231946
118,652641 71,616919 -40,903730
115,278825 76,837973 -29,494616
106,470856 82,698087 -29,690433
112,494810 77,249256 -45,843118
122,035781 64,394877 -50,537836
114,528531 73,830351 -54,023948
122,103752 55,694888 -57,355837
114,227499 63,911499 -63,575049
122,008720 48,390651 -71,476201
114,979578 55,595684 -77,120615
120,558642 41,448735 -80,723533
115,351768 47,349857 -84,789292
118,509495 31,597376 -86,494652
111,276310 33,849738 -92,748553
111,074725 12,495305 -96,960504
108,229483 14,674784 -99,670685
124,317506 64,459595 -37,344925
107,020330 -5,430409 -103,201464
82,215139 -62,287163 -112,113054
83,746207 -71,950162 -105,646736
84,185608 -50,183262 -115,169201
90,798839 -28,921602 -113,894039
99,131884 88,323480 -25,880988
94,904985 92,947541 -30,636373
100,362166 88,790976 -37,954791
78,784647 -52,302033 -114,612118
78,056404 -59,804290 -111,534553
83,712893 -33,861229 -114,570880
87,980701 -18,142495 -112,988539
93,188948 -4,178400 -108,744875
96,316422 15,898035 -103,357558
99,489345 32,971665 -97,870585
102,911646 50,011347 -89,925520
104,399447 64,595820 -78,739900
102,894456 72,377716 -67,355672
103,014035 78,789192 -60,037551
101,606375 83,398168 -46,644511
77,059329 91,827823 -45,638101
80,608986 81,584200 -63,533590
78,411318 -71,785406 -104,137960
61,839844 -63,727123 -108,248994
62,792756 -73,242201 -101,731730
81,185944 74,909210 -72,319093
80,606589 69,776395 -79,135066
75,351470 52,682185 -92,165113
71,590743 36,167752 -97,579323
68,334275 16,839488 -105,016554
67,266041 -3,927074 -111,627171
61,804928 -29,127979 -114,904536
61,027042 -47,189171 -112,057283
60,619527 -58,160751 -109,818925
-5,641734 -56,395581 -93,463632
-37,056257 -67,513937 -85,793949
-34,863550 -76,835903 -80,967459
-3,564003 -75,340429 -87,266172
-7,669139 -42,598613 -95,501678
-37,110940 -57,683180 -87,558069
-6,592337 -19,353462 -94,009227
-34,864460 -46,597967 -89,857523
-1,209172 -1,206551 -92,776508
-34,913325 -28,568914 -89,834827
2,706193 15,042562 -88,634447
-39,997069 -12,792967 -90,007156
3,869748 40,466067 -80,019680
-36,409074 15,257437 -86,737458
3,654463 50,866096 -73,595351
-21,863439 43,163821 -77,190515
5,655293 58,858928 -67,974570
-21,459257 55,429402 -70,797845
5,849678 66,144184 -62,207577
-22,312402 64,552566 -64,455996
8,378542 74,074382 -51,657239
-19,931961 72,807101 -57,779599
11,603612 79,229514 -37,501352
-18,447692 81,612802 -48,352906
11,027454 82,522763 -30,442082
-16,517269 91,059267 -36,052500
12,805067 90,228237 -15,115662
-15,832566 97,781716 -22,000063
15,898745 93,712100 -3,037466
-11,537570 102,875975 -3,109898
16,074611 96,094043 7,798831
-9,579085 103,476377 12,656072
17,145107 94,966797 15,990394
-6,747189 100,166170 23,948431
19,068361 95,171092 29,956443
-8,160147 101,002554 33,828620
21,051229 90,051809 38,809593
-5,202819 93,480872 50,595541
26,895616 73,727225 59,679014
-2,676741 76,965798 70,453807
-64,925583 -69,804442 -80,305848
-86,590774 -69,921741 -78,241949
-84,031427 -80,474243 -72,409762
-63,993477 -78,859242 -75,760259
-68,719921 -62,092462 -82,135604
-87,103542 -63,661656 -79,609658
-68,526316 -53,671355 -84,921812
-93,003660 -53,632446 -83,795950
-65,412098 -42,130107 -88,275056
-92,841402 -40,229806 -88,459762
-67,016829 -27,670074 -87,436393
-98,118646 -28,048135 -85,735297
-81,741717 -2,712012 -83,224525
-113,064714 -19,709638 -80,516224
-64,552973 40,037583 -78,308681
-118,443632 7,675012 -79,638964
-56,718891 59,493455 -71,895736
-105,792764 43,922864 -75,275361
-55,598950 69,076013 -67,006152
-98,925797 61,291153 -69,932985
-53,546898 80,280570 -57,749914
-91,376539 80,716562 -60,845562
-53,857842 94,162802 -46,396886
-88,955785 101,279041 -41,923567
-50,655854 106,081446 -28,780583
-84,715998 113,762072 -24,820418
-51,582122 114,570536 -8,854234
-80,491278 119,978220 -6,183243
-50,631063 116,420185 7,592973
-79,578615 120,410255 11,911517
-48,434824 114,252631 18,830664
-77,572187 118,111872 22,621379
-44,675035 110,167308 34,456870
-74,754558 112,295382 39,015656
-107,322300 -73,629563 -73,687506
-127,554858 -77,737158 -71,149462
-123,986806 -84,981289 -67,063295
-104,129272 -82,301966 -69,264837
-112,493118 -65,887248 -77,569069
-129,610013 -69,158114 -75,076845
-118,787547 -51,704474 -84,579391
-136,022242 -56,250568 -82,357145
-122,422579 -37,435045 -89,374557
-140,977866 -44,913951 -89,143351
-126,784803 -29,806411 -85,850315
-146,582639 -33,495793 -92,497928
-137,327386 -15,675173 -80,458226
-156,737760 -21,413021 -91,212669
-132,955869 1,323961 -78,577075
-156,426149 -4,643734 -83,338853
-130,344498 16,057887 -78,065602
-149,805417 11,131170 -76,859129
-128,732767 42,627436 -69,896208
-146,311286 30,006943 -68,766590
-125,628288 58,816823 -62,908268
-150,375309 46,201326 -59,176288
-122,816554 87,936612 -46,223476
-150,014864 63,762851 -47,694747
-120,760271 108,942706 -19,611851
-140,822428 96,371603 -20,140506
-116,746990 115,027913 -1,494672
-137,106382 103,074170 -4,608896
-110,340179 117,500769 12,835669
-136,192493 104,550074 10,033429
-104,664937 114,017346 25,084309
-133,773353 100,490078 23,571093
54,758836 99,926048 -33,238759
53,065397 93,408929 -43,157645
39,736486 -62,565648 -105,690870
41,586041 -74,498400 -97,716040
40,612711 -57,315605 -106,679197
40,651667 -48,629134 -108,193301
39,864259 -34,119744 -110,250598
39,753436 -20,329070 -110,437012
42,590944 8,941826 -104,006899
43,373823 20,093599 -100,038826
47,182717 40,782064 -89,290637
49,023670 51,454323 -82,391140
50,498672 62,260970 -74,739512
51,669314 72,613446 -66,237274
53,531491 83,687034 -57,508901
69,435741 76,345198 51,725346
89,308712 78,063067 48,522898
37,796431 96,605931 26,686225
34,797605 95,337118 16,589273
40,568816 93,460596 36,048310
49,562890 74,627292 54,927725
34,294514 96,948924 4,880346
32,851382 92,176362 -16,422718
37,236618 81,030223 -38,870400
33,460535 94,264391 -4,387104
-44,350492 111,893178 42,234469
-42,215635 104,420917 56,720379
-101,167604 106,519836 41,650935
137,957466 57,275487 -34,083445
129,997019 97,003653 13,212140
134,485478 92,100574 8,363180
141,297171 90,560674 15,220628
-137,073997 -78,877081 -69,982379
-134,869672 -86,576075 -65,987814
-140,196204 -70,867642 -73,409846
-144,139360 -56,938072 -82,460208
-149,145176 -47,437481 -89,401677
-158,847718 -32,143335 -95,461658
-168,076785 -18,829592 -91,596554
-167,867838 -1,965142 -80,541313
-170,438280 18,190803 -61,608982
-168,970967 28,992203 -53,978461
-169,518086 38,547115 -48,482349
-167,983123 53,614543 -40,626516
-167,047838 69,154415 -27,568222
-166,655633 75,841289 -10,862277
-160,589019 80,845529 4,244951
-156,955308 84,353519 16,122984
-157,013076 -81,573406 -66,617549
-155,427481 -88,759863 -63,096778
-160,089245 -74,124918 -69,922523
-163,963550 -65,204268 -77,127096
-179,019988 -43,738529 -85,959660
-184,746789 -21,998378 -86,097257
-183,219396 -6,936098 -78,262552
-183,688101 8,173714 -63,938885
-183,606806 21,338267 -53,202640
-182,780402 29,509596 -49,139784
-177,012831 41,078359 -45,131952
-174,371679 52,767500 -39,400926
-176,095388 67,154377 -25,100336
-178,835573 73,570785 -8,457837
-176,813303 76,403389 9,271156
-174,789583 77,964315 18,364102
-156,637176 81,626071 25,610407
-173,250372 76,607566 22,622321
-116,920118 100,885751 41,045226
-134,120399 93,044699 36,403592
-128,379927 96,013879 36,795789
-182,212715 -83,668026 -64,049107
-179,429361 -90,917707 -59,315109
-184,348084 -78,375488 -66,529368
-188,728168 -67,615311 -73,354476
-194,265531 -45,009653 -83,354111
-197,931888 -20,600112 -82,983778
-202,957441 -3,717440 -72,589812
-201,821704 10,996236 -60,680949
-198,338326 22,658479 -52,681675
-191,651586 32,071270 -47,841293
-185,843859 43,051421 -43,727135
-185,285090 55,051768 -38,606512
-190,760274 72,060029 -19,131171
-193,064204 79,535589 2,195705
-191,161781 84,095911 19,539459
-190,197231 84,393477 27,415814
-189,232624 84,691001 35,292113
-219,179132 -93,176522 -57,974775
-215,786571 -96,641465 -56,132755
-222,192681 -84,871494 -62,796939
-224,234688 -74,830027 -68,373918
-226,860361 -61,832253 -73,845404
-229,036254 -41,887209 -78,008208
-227,820559 -16,965555 -74,416925
-219,935923 9,083834 -62,642268
-216,863872 18,059576 -55,739657
-215,413638 22,686031 -51,675922
-211,491022 36,428964 -42,439665
-208,318613 49,076937 -35,226613
-206,378124 58,632571 -28,060844
-202,443147 71,727768 -13,564436
-201,863757 84,265185 10,574298
-207,304338 97,243843 33,575706
-243,235606 -98,275739 -55,726268
-241,880061 -102,004115 -55,149940
-246,061810 -86,435584 -58,299196
-247,374527 -78,680967 -63,571488
-251,399149 -67,098054 -69,471311
-251,602446 -51,119229 -73,360166
-248,675853 -34,973868 -72,029809
-242,522691 -10,118184 -65,068968
-234,945698 9,698143 -54,202720
-231,309818 23,433065 -42,296766
-230,093138 33,224591 -33,672035
-223,356280 44,473449 -28,676422
-219,762048 61,166312 -16,860325
-216,251531 73,620769 -5,245479
-213,778341 86,760020 15,523392
-217,528480 97,829835 34,568500
-216,911849 108,425488 55,328397
-223,475448 108,887477 54,381489
-265,149379 -77,427544 -59,399886
-273,889942 -75,304762 -49,113870
-269,736743 -90,324061 -36,051551
-262,904682 -92,976928 -40,515985
-268,917041 -65,873342 -62,820397
-275,940317 -61,886703 -52,985743
-266,133617 -53,801693 -63,621668
-275,382582 -51,261965 -51,345311
-263,203895 -38,618682 -63,989802
-273,210011 -39,675020 -48,613511
-260,423844 -25,252992 -56,159899
-270,696818 -28,705295 -43,311838
-256,002482 -3,770498 -42,007212
-266,217602 -7,696957 -34,166299
-249,934987 16,341550 -31,928503
-260,642237 14,650753 -21,900422
-245,256889 30,722381 -25,686640
-256,731955 27,057707 -16,175296
-240,159640 41,971271 -20,076157
-250,604534 38,865741 -11,099084
-234,736660 62,176815 -6,620843
-245,565440 56,412508 1,267866
-232,873317 74,626065 5,587744
-243,277758 69,502400 16,358035
-232,331053 88,773502 26,172611
-242,240665 80,853089 34,893821
-232,764321 96,472020 42,295967
-241,859591 89,563365 49,819819
-236,373855 102,123113 53,054734
-243,057882 94,395260 58,632100
-286,638796 -72,847299 -41,316057
-280,686095 -86,638429 -29,483569
-285,150647 -60,910027 -42,246663
-284,414929 -52,556682 -40,132190
-282,471285 -41,979496 -36,413939
-280,993296 -32,135207 -30,460868
-276,762175 -15,541083 -22,042494
-271,656773 6,325672 -14,617360
-266,027787 20,975240 -7,501902
-261,197677 34,986814 2,623602
-255,110923 50,695726 14,415717
-250,432265 64,010230 24,114821
-248,500791 74,832304 39,895507
-249,370120 81,471591 51,334449
-250,665241 88,410118 61,595216
-282,815942 -65,826687 -27,183938
-280,866308 -78,429601 -20,925770
-282,515800 -59,598858 -26,296670
-282,021355 -52,272654 -23,162009
-280,452496 -44,925751 -20,443974
-279,390896 -39,626402 -15,753622
-276,572359 -26,826811 -7,822265
-272,141471 -7,677089 1,172847
-268,660688 7,822157 7,568040
-264,536940 25,164519 13,928619
-260,249727 35,815051 22,518273
-250,901430 55,873137 36,534280
-211,080508 103,405157 57,668933
-198,052679 92,779864 45,409647
-204,097916 97,827407 59,733513
-229,689306 106,800918 52,683639
-244,800980 119,009005 72,968479
-251,569284 112,408172 78,321807
-251,518455 97,533233 67,937031
-252,921605 93,721392 67,476025
-220,487738 116,076067 83,455703
-210,428567 100,402632 76,709020
-214,440208 102,031262 82,852079
-223,726451 112,437458 89,998164
-218,373983 111,116744 73,717086
-227,235312 132,010125 101,090455
-233,637430 130,101922 105,802307
-232,054652 139,759114 113,675018
-227,313897 141,667229 109,585894
-243,068793 173,780287 125,524950
-244,540494 162,218835 119,950407
-241,167502 163,264214 117,914048
-238,162492 173,262308 123,976170
-230,792138 169,756829 121,668985
-233,169098 159,597304 117,337011
-227,884646 159,514371 114,925299
-223,235401 169,397248 119,827342
-224,731393 156,204087 117,845809
-219,591432 165,205527 124,050293
-242,568460 175,718735 128,686639
-237,418825 178,524343 131,324698
-243,039062 180,181288 132,837146
-236,196674 179,329128 134,543837
-226,657885 186,294788 127,014008
-216,972989 187,358800 125,348080
-213,958379 191,161104 127,843745
-222,288354 193,809568 129,411334
-206,989343 199,367498 129,809226
-215,202277 205,317935 129,872577
-200,220351 210,279553 133,082091
-206,575297 213,636576 134,427112
-222,053809 211,528270 138,956109
-225,492965 205,037331 135,362450
-229,193159 194,007929 132,974827
-231,972465 187,360986 131,123942
-203,791376 195,496271 132,852475
-209,384064 187,993136 130,870184
-211,908418 182,920197 127,893171
-217,558595 176,544608 125,678143
-215,099662 171,386579 128,638912
-207,525352 180,015283 132,198590
-234,398345 188,128232 135,573629
-232,632713 194,901121 138,391539
-228,751761 203,664068 141,275129
-225,361520 177,356142 126,866151
-223,235401 169,397248 119,827342
-219,591432 165,205527 124,050293
-215,099662 171,386579 128,638912
-217,558595 176,544608 125,678143
-230,792138 169,756829 121,668985
-235,528476 173,020979 121,857321
-236,778859 160,102146 117,538622
-233,169098 159,597304 117,337011
-238,162492 173,262308 123,976170
-241,167502 163,264214 117,914048
-243,135681 168,508078 134,464789
-242,568460 175,718735 128,686639
-243,039062 180,181288 132,837146
-241,940293 173,088238 141,225298
-236,196674 179,329128 134,543837
-235,277983 176,523220 140,635134
-235,277983 176,523220 140,635134
-236,196674 179,329128 134,543837
-234,398345 188,128232 135,573629
-233,104963 183,564373 144,525997
-225,241378 197,381098 152,449696
-228,751761 203,664068 141,275129
-222,053809 211,528270 138,956109
-215,038912 199,966843 152,137304
-232,632713 194,901121 138,391539
-232,237797 189,318940 148,553122
-238,606282 167,511499 144,641775
-241,940293 173,088238 141,225298
-235,277983 176,523220 140,635134
-227,834326 170,269328 142,187639
-233,104963 183,564373 144,525997
-224,457570 176,106467 151,051569
-227,834326 170,269328 142,187639
-235,277983 176,523220 140,635134
-232,237797 189,318940 148,553122
-223,028016 182,821787 156,554812
-225,241378 197,381098 152,449696
-218,140187 186,473635 160,352364
-215,038912 199,966843 152,137304
-209,566428 188,780351 159,386803
-207,019628 201,317979 149,716506
-201,799527 190,555757 156,296261
-243,135681 168,508078 134,464789
-241,940293 173,088238 141,225298
-238,606282 167,511499 144,641775
-237,060045 161,945294 137,838873
-241,433397 152,475886 126,374585
-244,575277 158,583590 125,318318
-223,235401 169,397248 119,827342
-217,558595 176,544608 125,678143
-225,361520 177,356142 126,866151
-230,792138 169,756829 121,668985
-231,235970 179,459728 127,703782
-225,361520 177,356142 126,866151
-216,972989 187,358800 125,348080
-226,657885 186,294788 127,014008
-225,361520 177,356142 126,866151
-231,235970 179,459728 127,703782
-235,528476 173,020979 121,857321
-230,792138 169,756829 121,668985
-234,069726 179,569557 129,296595
-238,162492 173,262308 123,976170
-234,069726 179,569557 129,296595
-231,235970 179,459728 127,703782
-226,657885 186,294788 127,014008
-231,972465 187,360986 131,123942
-236,196674 179,329128 134,543837
-234,398345 188,128232 135,573629
-237,418825 178,524343 131,324698
-234,069726 179,569557 129,296595
-236,196674 179,329128 134,543837
-242,568460 175,718735 128,686639
-238,162492 173,262308 123,976170
-243,135681 168,508078 134,464789
-243,068793 173,780287 125,524950
-244,575277 158,583590 125,318318
-244,540494 162,218835 119,950407
-207,525352 180,015283 132,198590
-215,099662 171,386579 128,638912
-217,054128 168,485241 132,577249
-208,590155 176,106217 136,707573
-215,099662 171,386579 128,638912
-219,591432 165,205527 124,050293
-222,800825 159,473322 126,557578
-217,054128 168,485241 132,577249
-211,908418 182,920197 127,893171
-207,525352 180,015283 132,198590
-205,887044 183,114197 134,710918
-209,384064 187,993136 130,870184
-206,989343 199,367498 129,809226
-203,791376 195,496271 132,852475
-196,815449 205,751032 133,033266
-200,220351 210,279553 133,082091
-199,608108 192,459762 136,631868
-191,571177 202,799142 139,612424
-199,148433 184,961470 143,408205
-193,628309 191,438765 148,850879
-205,044186 181,058470 138,738620
-208,590155 176,106217 136,707573
-238,606282 167,511499 144,641775
-227,834326 170,269328 142,187639
-231,172716 159,275204 137,111130
-237,060045 161,945294 137,838873
-221,480136 166,118295 137,203405
-225,844320 157,837312 131,183222
-217,054128 168,485241 132,577249
-222,800825 159,473322 126,557578
-230,920669 150,672836 125,131423
-234,012087 150,380242 125,040837
-225,555829 154,458043 121,113726
-227,834326 170,269328 142,187639
-224,457570 176,106467 151,051569
-215,713005 172,937517 146,938869
-221,480136 166,118295 137,203405
-208,590155 176,106217 136,707573
-217,054128 168,485241 132,577249
-223,028016 182,821787 156,554812
-211,620228 179,244856 152,259384
-205,044186 181,058470 138,738620
-237,060045 161,945294 137,838873
-231,172716 159,275204 137,111130
-234,012087 150,380242 125,040837
-241,433397 152,475886 126,374585
-211,620228 179,244856 152,259384
-223,028016 182,821787 156,554812
-218,140187 186,473635 160,352364
-209,566428 188,780351 159,386803
-205,044186 181,058470 138,738620
-199,148433 184,961470 143,408205
-201,799527 190,555757 156,296261
-193,628309 191,438765 148,850879
-191,571177 202,799142 139,612424
-207,019628 201,317979 149,716506
-215,038912 199,966843 152,137304
-222,053809 211,528270 138,956109
-206,575297 213,636576 134,427112
-225,361520 177,356142 126,866151
-217,558595 176,544608 125,678143
-211,908418 182,920197 127,893171
-200,220351 210,279553 133,082091
-196,815449 205,751032 133,033266
-219,591432 165,205527 124,050293
-224,731393 156,204087 117,845809
-225,555829 154,458043 121,113726
-222,800825 159,473322 126,557578
-227,884646 159,514371 114,925299
-233,169098 159,597304 117,337011
-236,070521 150,407413 106,092919
-230,693539 150,106636 105,515794
-244,540494 162,218835 119,950407
-244,575277 158,583590 125,318318
-247,475848 143,178908 115,834315
-246,449318 145,766599 113,541147
-241,167502 163,264214 117,914048
-241,238750 148,820825 108,998860
-236,778859 160,102146 117,538622
-226,616933 145,829324 106,392310
-242,455081 140,610269 115,947662
-241,433397 152,475886 126,374585
-238,759239 140,882423 115,807914
-234,012087 150,380242 125,040837
-232,054652 139,759114 113,675018
-230,920669 150,672836 125,131423
-227,313897 141,667229 109,585894
-248,163443 74,844055 56,390564
-249,370120 81,471591 51,334449
-250,665241 88,410118 61,595216
-249,902456 81,049760 68,878336
-247,941399 66,945030 44,843129
-250,901430 55,873137 36,534280
-250,432265 64,010230 24,114821
-248,500791 74,832304 39,895507
-260,180871 30,806041 24,364060
-260,249727 35,815051 22,518273
-270,366803 -33,042612 -2,755423
-272,547534 -38,741509 -8,855026
-279,390896 -39,626402 -15,753622
-276,572359 -26,826811 -7,822265
-268,114983 -19,282458 7,077552
-272,141471 -7,677089 1,172847
-266,433666 -1,103709 15,366465
-268,660688 7,822157 7,568040
-263,554354 14,558599 20,026630
-264,536940 25,164519 13,928619
-272,660087 -55,336065 0,964354
-270,463879 -50,053341 5,891789
-273,381572 -72,395258 -16,545196
-280,866308 -78,429601 -20,925770
-282,815942 -65,826687 -27,183938
-282,515800 -59,598858 -26,296670
-273,098607 -66,603367 -10,609932
-282,021355 -52,272654 -23,162009
-273,083898 -59,546875 -3,295996
-280,452496 -44,925751 -20,443974
-290,543503 -60,520496 0,073000
-290,352980 -57,913427 -2,665075
-284,806921 -35,218091 19,900665
-284,981039 -37,616050 22,430056
-291,596287 -81,898344 -21,831934
-291,375394 -78,992846 -24,689479
-283,144027 -95,374759 -37,926780
-282,965695 -92,000609 -40,709073
-269,425031 -102,577582 -48,836701
-269,581421 -98,689176 -51,422995
-254,839714 -103,707703 -53,666456
-255,334997 -99,540511 -56,300170
-288,567277 -56,022276 -5,100736
-283,164771 -33,489571 17,640724
-289,407728 -76,695004 -27,057679
-281,015486 -88,830971 -42,477391
-268,446897 -94,522888 -52,261772
-255,027411 -95,021569 -56,874316
-285,664565 -55,353497 -6,581733
-280,494534 -32,893536 16,255738
-286,220499 -75,620307 -28,302048
-277,815925 -86,714924 -42,758114
-266,325319 -91,194941 -51,128360
-282,422535 -56,086283 -6,711317
-277,511293 -33,589400 16,116479
-282,667290 -76,056501 -28,089426
-274,223780 -86,219239 -41,475933
-263,785012 -89,596578 -48,326417
-279,709423 -58,024373 -5,454823
-275,014103 -35,391070 17,260410
-279,699759 -77,886905 -26,476702
-271,201442 -87,476640 -38,974472
-261,506308 -90,156093 -44,606291
-278,252042 -60,648518 -3,148759
-273,672042 -37,815712 19,380957
-278,112899 -80,621179 -23,895894
-269,736743 -90,324061 -36,051551
-260,099652 -92,723438 -40,964534
-246,061810 -86,435584 -58,299196
-241,880061 -102,004115 -55,149940
-243,235606 -98,275739 -55,726268
-265,149379 -77,427544 -59,399886
-247,374527 -78,680967 -63,571488
-152,538272 93,004269 87,088034
-155,208311 101,839522 93,425816
-158,243508 104,499117 91,148010
-156,818350 96,754662 83,875941
-162,887445 105,847896 89,310170
-163,366993 98,656659 81,284377
-166,685055 105,589617 93,468084
-168,722242 98,292387 87,147674
-168,446530 103,843613 95,889652
-171,206198 95,830314 90,562424
-166,371346 102,181166 99,174889
-168,279808 93,486029 95,195087
-162,258135 100,040039 99,581458
-162,479627 90,466652 95,768396
-157,405478 101,188481 97,105516
-155,636665 92,086134 92,276946
-188,575789 97,828337 92,467624
-191,200975 104,601883 99,175121
-192,844009 105,867823 95,832829
-190,892663 99,613450 87,754439
-196,849263 106,105171 94,504473
-196,540672 99,948154 85,881218
-201,120455 105,693693 96,142720
-202,563674 99,367987 88,191433
-203,255619 104,967679 97,536490
-205,574629 98,344157 90,156817
-203,082625 103,910215 100,464421
-205,330698 96,852986 94,285656
-201,449216 102,363478 102,524802
-203,027354 94,671836 97,191117
-197,930287 101,634390 103,704299
-198,065125 93,643674 98,854393
-193,206748 102,951266 102,124573
-191,404188 95,500665 96,626691
-162,004515 104,045548 103,985947
-157,270945 105,165856 101,570777
-166,016761 106,134183 103,589371
-168,041038 107,755817 100,384744
-166,322779 109,458955 98,022587
-162,618356 109,710986 93,966728
-158,088368 108,395259 95,759421
-155,127644 105,800960 97,981365
-193,452938 106,805856 106,700050
-191,496406 108,416027 103,823014
-198,060617 105,521326 108,241026
-201,493159 106,232561 107,090511
-203,086501 107,741355 105,080684
-203,255250 108,772845 102,224517
-201,172417 109,481060 100,865000
-197,006026 109,882372 99,266918
-193,099060 109,650882 100,562736
-161,614367 109,667667 102,032695
-197,040007 110,701208 106,392795
249,930002 -39,586757 -172,539943
251,717037 -40,275023 -172,838980
253,803762 -41,250037 -171,885784
255,169071 -40,179861 -170,535365
253,883629 -38,638791 -170,447593
251,990635 -38,839052 -170,910873
255,444237 -45,648326 -171,356314
258,198885 -44,132689 -166,101014
256,656630 -40,117753 -166,180058
252,699197 -37,648781 -166,927250
247,658433 -38,245779 -168,424745
245,359649 -39,955288 -171,616923
247,419881 -42,474257 -174,329799
252,382252 -44,470968 -174,255862
241,859284 -37,865982 -167,333558
245,359649 -39,955288 -171,616923
247,658433 -38,245779 -168,424745
248,280522 -36,014437 -167,489452
247,419881 -42,474257 -174,329799
245,957570 -42,702421 -175,707538
252,345624 -46,655142 -175,309376
252,382252 -44,470968 -174,255862
256,631400 -46,806137 -171,894503
258,198885 -44,132689 -166,101014
255,444237 -45,648326 -171,356314
252,699197 -37,648781 -166,927250
254,042309 -37,021604 -165,980775
256,656630 -40,117753 -166,180058
257,573753 -39,477268 -164,301932
251,848233 -34,593641 -164,083293
248,087974 -35,024730 -165,011973
255,784382 -35,354436 -162,643102
257,403790 -38,485766 -161,829005
259,270711 -43,417092 -163,426681
251,509162 -50,031971 -174,844844
254,961248 -49,936760 -172,541285
259,049798 -47,187879 -168,944916
245,200638 -48,630114 -175,867846
249,058049 -50,292332 -175,177322
242,825943 -44,554488 -174,090775
240,160326 -44,064816 -175,302330
243,135379 -49,363175 -177,514074
248,099594 -53,102216 -178,126151
251,879507 -53,955755 -177,496790
257,374540 -53,570535 -173,950880
261,581979 -49,460840 -169,222655
263,397870 -45,185271 -164,478638
260,968080 -42,194849 -160,488368
258,162702 -36,195746 -160,075717
254,269413 -33,247830 -160,430581
249,788006 -32,074762 -161,370419
245,892836 -34,306676 -163,803027
264,745155 -49,734900 -165,577968
264,473151 -46,194370 -162,475618
263,194348 -41,383636 -158,014040
260,305527 -36,271315 -158,368293
253,588118 -31,387431 -157,106835
249,812893 -30,548531 -157,719050
242,435637 -31,790121 -159,134970
238,911087 -34,679154 -159,877555
259,559543 -54,928806 -172,547268
262,379092 -51,891172 -169,164911
252,700619 -56,366625 -177,428906
248,627384 -55,223295 -179,278619
243,817794 -51,409145 -177,870413
238,980742 -44,896242 -174,013166
240,594910 -37,591736 -167,530365
239,773682 -53,916387 -178,114574
236,465830 -45,962347 -173,571900
246,162161 -59,561389 -178,390224
250,472355 -61,452877 -175,665962
258,087774 -61,144967 -170,407962
263,077339 -58,195661 -165,305663
265,688307 -52,712711 -162,096824
266,522524 -47,796797 -158,922515
238,049800 -37,686771 -165,343331
240,862077 -67,765993 -175,336070
247,879594 -69,669951 -171,003260
257,869793 -66,583263 -164,785613
264,941126 -62,257589 -160,617716
268,932569 -57,415532 -156,783339
270,326017 -48,834121 -155,330277
269,219546 -41,595099 -151,964644
266,759073 -33,076116 -151,873563
259,052080 -24,772188 -148,192293
255,447644 -23,418161 -147,636240
246,943919 -21,298255 -147,450284
241,434057 -22,309099 -148,400829
234,448345 -29,182563 -153,161771
230,376977 -36,635960 -158,434329
229,341028 -38,637255 -161,444322
227,329094 -45,157380 -168,055295
233,480515 -61,935255 -176,985087
228,648824 -52,960738 -173,509187
256,536208 -77,732799 -154,985324
265,887280 -71,356188 -150,702803
271,785105 -61,445312 -153,140598
275,592365 -51,335600 -151,034180
275,510906 -40,188014 -146,986483
276,699633 -27,619265 -142,036261
239,434877 -19,346539 -145,325052
233,728853 -22,601902 -148,142483
231,040381 -27,276218 -151,412530
225,321417 -31,003957 -154,599590
223,781144 -35,585694 -158,101546
221,639399 -40,654656 -161,857311
221,011153 -47,847986 -167,840278
236,437408 -81,756959 -167,222475
245,451417 -84,556789 -159,299326
231,443475 -77,633941 -172,557860
223,132946 -66,643141 -176,629935
218,350979 -59,575077 -170,867087
276,190727 -23,330619 -139,808517
272,534504 -16,171852 -134,273051
258,830250 -13,017085 -135,724186
245,234496 -16,459614 -142,074259
274,475863 -66,342779 -147,644391
282,937620 -54,188267 -148,375688
287,995267 -58,191567 -142,560785
291,146769 -55,885909 -140,955013
289,828425 -48,656155 -144,736552
286,902246 -42,275718 -144,769823
286,219045 -36,777553 -143,038979
283,606243 -26,809287 -140,088151
281,426351 -22,199072 -137,132583
279,977529 -16,396795 -130,198022
279,313846 -12,183219 -128,766517
261,533626 -9,612625 -132,770546
243,995415 -9,497115 -136,556680
237,568357 -11,148404 -139,385383
229,198742 -15,656458 -144,100464
222,771284 -22,469860 -148,992186
220,631508 -29,281144 -153,433988
219,128593 -35,130997 -157,256926
217,996366 -39,742480 -161,668734
302,296368 -48,621487 -136,200159
302,206711 -42,115116 -140,142311
299,201841 -36,635962 -140,925303
296,473966 -31,445493 -140,451445
292,773270 -24,528416 -138,268042
290,149807 -20,362624 -134,767698
288,714695 -15,644727 -131,117030
288,365475 -12,987809 -128,749721
307,656766 -39,837987 -138,866211
311,138019 -37,376120 -138,508293
309,649253 -32,293705 -140,815238
306,948190 -34,173773 -140,112912
307,911362 -25,361167 -140,698172
301,468332 -22,493552 -138,883158
304,122095 -28,600087 -140,089526
306,078470 -19,973252 -138,750188
299,081823 -19,075828 -134,508264
305,910383 -13,801830 -134,199515
300,151679 -14,722468 -133,426820
308,382247 -45,395030 -134,371206
294,001845 -11,703469 -129,982961
317,575269 -35,084519 -138,292158
322,341664 -32,471431 -137,348223
320,161293 -31,127893 -138,734678
315,120575 -31,724752 -140,232226
323,428600 -39,058376 -131,551030
327,288484 -35,197055 -128,508088
326,822232 -30,192353 -135,033824
323,819619 -28,147768 -137,176686
312,553222 -43,918622 -133,880106
318,558826 -41,472027 -132,840210
312,699082 -24,456161 -140,447335
317,154476 -23,906507 -138,831546
323,334349 -22,147373 -134,265002
328,715622 -26,725463 -130,228643
327,732407 -31,808827 -125,103652
326,006342 -27,403743 -120,102959
327,286387 -22,207728 -123,593388
325,211670 -24,587304 -116,982720
326,042285 -20,392789 -120,155988
325,211670 -24,587304 -116,982720
323,150183 -22,687839 -114,497746
323,941912 -18,333392 -117,825303
326,042285 -20,392789 -120,155988
322,343426 -15,217952 -118,658597
324,693681 -15,657556 -122,024073
327,286387 -22,207728 -123,593388
326,042285 -20,392789 -120,155988
324,693681 -15,657556 -122,024073
325,815507 -17,108834 -125,922076
314,844785 -10,990684 -130,284083
320,983708 -13,093326 -127,461956
319,782898 -10,851130 -123,639886
312,531221 -8,366902 -125,865105
312,412614 -9,524566 -129,949766
322,337815 -15,278032 -130,502465
325,828046 -19,903131 -129,894392
324,693681 -15,657556 -122,024073
322,343426 -15,217952 -118,658597
313,989562 -10,671498 -119,564101
319,782898 -10,851130 -123,639886
312,531221 -8,366902 -125,865105
308,658035 -9,895391 -119,034498
314,844785 -10,990684 -130,284083
316,982572 -14,318238 -132,935806
322,337815 -15,278032 -130,502465
320,983708 -13,093326 -127,461956
305,910383 -13,801830 -134,199515
312,270038 -17,556179 -136,781399
306,078470 -19,973252 -138,750188
311,587155 -20,672370 -138,488112
307,911362 -25,361167 -140,698172
312,699082 -24,456161 -140,447335
321,940181 -22,317675 -129,327679
325,828046 -19,903131 -129,894392
322,337815 -15,278032 -130,502465
318,805335 -22,241900 -129,992307
316,982572 -14,318238 -132,935806
315,202105 -24,136822 -133,763497
318,007522 -23,281391 -131,439281
312,270038 -17,556179 -136,781399
311,587155 -20,672370 -138,488112
312,699082 -24,456161 -140,447335
317,154476 -23,906507 -138,831546
323,334349 -22,147373 -134,265002
328,715622 -26,725463 -130,228643
306,928827 -7,299263 -126,560428
312,531221 -8,366902 -125,865105
308,658035 -9,895391 -119,034498
302,117251 -9,655636 -118,635979
301,129615 -6,919469 -125,469230
298,469869 -6,630003 -123,696244
307,251175 -9,740089 -131,893159
312,412614 -9,524566 -129,949766
307,058632 -8,750336 -129,415634
305,910383 -13,801830 -134,199515
314,844785 -10,990684 -130,284083
300,151679 -14,722468 -133,426820
301,295659 -9,453087 -131,612824
294,001845 -11,703469 -129,982961
294,106594 -7,565902 -124,893399
300,580444 -8,049133 -128,639452
306,928827 -7,299263 -126,560428
301,129615 -6,919469 -125,469230
298,469869 -6,630003 -123,696244
288,365475 -12,987809 -128,749721
291,246202 -9,506439 -125,004438
292,320758 -7,063203 -121,626878
295,534279 -6,237559 -120,212571
288,232146 -9,812088 -125,223235
288,181089 -7,459638 -121,618318
290,303220 -9,018936 -111,733085
302,117251 -9,655636 -118,635979
308,658035 -9,895391 -119,034498
306,673826 -8,202774 -116,275140
300,563606 -7,990884 -116,791012
313,989562 -10,671498 -119,564101
313,700285 -9,280901 -117,522326
295,534279 -6,237559 -120,212571
300,563606 -7,990884 -116,791012
299,428908 -8,907508 -110,983724
290,303220 -9,018936 -111,733085
306,673826 -8,202774 -116,275140
305,422965 -8,752618 -110,896525
313,700285 -9,280901 -117,522326
312,178195 -9,742366 -110,415910
279,313846 -12,183219 -128,766517
288,365475 -12,987809 -128,749721
288,232146 -9,812088 -125,223235
279,219114 -8,565648 -124,872555
288,181089 -7,459638 -121,618318
278,703397 -6,641834 -120,703541
284,920771 -8,046247 -114,178987
278,010757 -7,131615 -115,455886
322,343426 -15,217952 -118,658597
321,203829 -13,783100 -114,738919
313,700285 -9,280901 -117,522326
313,989562 -10,671498 -119,564101
323,150183 -22,687839 -114,497746
321,312442 -19,427001 -110,656291
323,941912 -18,333392 -117,825303
321,312442 -19,427001 -110,656291
318,146017 -17,197553 -107,553329
318,447072 -13,296029 -110,448878
321,203829 -13,783100 -114,738919
312,178195 -9,742366 -110,415910
313,700285 -9,280901 -117,522326
312,078195 -15,267495 -104,037040
304,346829 -12,204219 -105,694778
305,782810 -15,584672 -102,795481
296,407885 -11,781266 -106,308516
305,422965 -8,752618 -110,896525
283,701821 -12,414640 -104,212769
282,697733 -17,873044 -99,410070
276,450615 -17,545413 -97,511572
276,484714 -10,125841 -103,426116
290,215393 -10,746106 -106,902821
299,428908 -8,907508 -110,983724
283,906868 -9,344249 -107,925822
290,303220 -9,018936 -111,733085
289,543587 -17,858167 -101,102605
298,892151 -16,056292 -101,565636
284,920771 -8,046247 -114,178987
278,010757 -7,131615 -115,455886
276,685135 -7,040807 -107,156328
264,565333 -17,023750 -94,005087
265,750405 -9,657622 -100,117334
266,254156 -3,885411 -107,110138
248,020934 -0,825166 -104,288679
247,131340 -6,124588 -95,982035
248,194889 -15,624238 -88,468875
265,499571 -5,334867 -114,460490
247,677609 -2,336680 -112,546417
263,784775 -7,275227 -126,644894
279,219114 -8,565648 -124,872555
278,703397 -6,641834 -120,703541
265,645456 -4,450395 -119,222560
243,995415 -9,497115 -136,556680
261,533626 -9,612625 -132,770546
245,853770 -3,237764 -127,774509
247,349927 -1,648269 -119,731477
237,568357 -11,148404 -139,385383
233,470066 -4,416435 -133,290328
230,352342 -1,930433 -124,035168
227,242704 -3,079166 -113,155190
221,616662 -3,723230 -114,534497
227,312500 -3,003574 -106,825526
219,967969 -3,603107 -110,858511
231,241898 -14,299875 -82,865245
228,067612 -6,641466 -89,711427
224,065631 -2,518703 -96,089642
215,638494 -3,177680 -105,390274
225,332715 -9,657917 -137,148005
221,078120 -4,914314 -129,584934
209,022871 -6,265411 -115,680565
216,619598 -6,489964 -122,636128
203,481349 -17,030978 -129,672151
208,022007 -16,278561 -136,542544
212,001074 -15,756987 -140,331986
216,548515 -18,656964 -145,592367
222,771284 -22,469860 -148,992186
229,198742 -15,656458 -144,100464
214,481136 -29,528781 -154,332095
220,631508 -29,281144 -153,433988
213,618657 -36,141800 -158,207503
219,128593 -35,130997 -157,256926
213,505606 -42,661871 -161,370565
217,996366 -39,742480 -161,668734
210,086285 -36,251220 -154,960492
209,431403 -30,951430 -150,249679
203,439727 -29,581880 -146,680879
200,881253 -30,284821 -141,883843
204,524099 -36,619535 -152,994710
200,582378 -38,409180 -149,526294
245,451417 -84,556789 -159,299326
256,536208 -77,732799 -154,985324
257,869793 -66,583263 -164,785613
247,879594 -69,669951 -171,003260
265,887280 -71,356188 -150,702803
274,475863 -66,342779 -147,644391
271,785105 -61,445312 -153,140598
308,382247 -45,395030 -134,371206
312,553222 -43,918622 -133,880106
311,138019 -37,376120 -138,508293
307,656766 -39,837987 -138,866211
318,558826 -41,472027 -132,840210
323,428600 -39,058376 -131,551030
322,341664 -32,471431 -137,348223
317,575269 -35,084519 -138,292158
216,879040 -92,439513 -173,414077
216,813620 -99,220678 -167,367766
225,806292 -95,733069 -165,993053
224,214261 -89,915214 -171,694279
215,605414 -90,240542 -175,924128
221,998590 -83,028517 -176,997037
215,341243 -87,584095 -179,090210
221,022712 -80,692763 -177,861116
207,136987 -93,663794 -171,821869
208,690866 -100,530151 -166,699658
207,237313 -89,771964 -175,608782
207,194021 -88,303646 -178,272330
206,289540 -84,884025 -181,385965
213,876527 -82,482169 -181,387070
219,306933 -78,920502 -179,811654
205,391958 -78,896210 -189,393591
206,289540 -84,884025 -181,385965
213,876527 -82,482169 -181,387070
213,330546 -77,626967 -188,106054
219,306933 -78,920502 -179,811654
217,458049 -74,232992 -187,094934
207,439135 -75,429017 -195,618927
212,752195 -73,210579 -195,160698
216,971789 -70,202805 -193,731078
210,862098 -70,692504 -203,514750
214,479044 -69,881918 -203,027408
219,078858 -68,001848 -200,281845
213,941258 -68,661441 -208,121686
217,193833 -69,086230 -207,013537
221,109961 -66,870156 -204,600271
219,151922 -67,160644 -211,376080
221,719204 -67,267018 -210,614883
223,945477 -66,455895 -208,140557
230,708897 -92,940406 -164,318880
245,451417 -84,556789 -159,299326
236,437408 -81,756959 -167,222475
224,214261 -89,915214 -171,694279
225,806292 -95,733069 -165,993053
231,443475 -77,633941 -172,557860
221,998590 -83,028517 -176,997037
221,022712 -80,692763 -177,861116
223,643895 -74,569591 -177,264757
219,306933 -78,920502 -179,811654
217,458049 -74,232992 -187,094934
219,306933 -78,920502 -179,811654
223,643895 -74,569591 -177,264757
220,083920 -70,020034 -184,202549
216,971789 -70,202805 -193,731078
218,196423 -65,774374 -191,853395
219,078858 -68,001848 -200,281845
219,835864 -63,969636 -197,842578
221,109961 -66,870156 -204,600271
221,347326 -62,456156 -201,662657
223,945477 -66,455895 -208,140557
225,524399 -61,432258 -204,271180
228,825656 -65,733892 -210,423901
230,325840 -61,611678 -207,304191
227,691093 -66,910810 -213,475916
221,719204 -67,267018 -210,614883
226,575620 -66,361332 -215,861072
219,151922 -67,160644 -211,376080
234,548356 -65,501694 -211,651982
233,729463 -61,748341 -208,253359
232,779923 -65,810587 -214,577938
231,639065 -65,648515 -217,243919
239,196999 -65,940504 -212,509468
239,612192 -62,882955 -209,232234
238,135947 -66,568767 -215,095937
236,888076 -65,603329 -217,853944
256,269605 -68,683135 -218,029435
223,643895 -74,569591 -177,264757
221,022712 -80,692763 -177,861116
231,443475 -77,633941 -172,557860
223,132946 -66,643141 -176,629935
220,201661 -63,514603 -181,022341
220,083920 -70,020034 -184,202549
223,643895 -74,569591 -177,264757
223,132946 -66,643141 -176,629935
218,704701 -61,651901 -187,690956
218,196423 -65,774374 -191,853395
219,835864 -63,969636 -197,842578
219,117074 -58,945644 -196,476798
211,697878 -61,394790 -180,836375
210,647636 -59,119891 -188,047286
211,530710 -60,571086 -175,381306
212,964440 -55,758758 -196,015080
221,347326 -62,456156 -201,662657
222,570829 -59,737548 -200,473499
215,989045 -54,609553 -201,361577
225,524399 -61,432258 -204,271180
226,244709 -59,584134 -202,885414
222,791899 -56,227146 -203,814479
230,325840 -61,611678 -207,304191
230,963889 -58,940328 -205,996814
230,181667 -55,884369 -208,649935
234,239272 -58,808734 -207,473701
234,798605 -56,843352 -209,873526
240,001450 -59,559858 -208,896416
241,108607 -57,985801 -211,775611
233,729463 -61,748341 -208,253359
239,612192 -62,882955 -209,232234
228,322643 -53,732561 -211,041777
218,072334 -54,120353 -208,596351
234,607042 -55,398006 -213,280826
242,393668 -57,587313 -214,126879
209,600521 -55,818995 -203,822792
204,942478 -57,914734 -198,069487
202,631555 -61,476119 -187,117108
203,498311 -61,935382 -183,008736
199,664174 -64,714350 -176,484332
256,269605 -68,683135 -218,029435
232,295524 -56,983022 -216,370190
240,030873 -58,378073 -217,269273
224,558356 -55,705639 -215,640965
215,109472 -56,778489 -212,420044
208,624248 -58,645444 -206,749892
203,519487 -61,153247 -200,454244
199,171643 -65,646068 -188,168036
199,005187 -68,274653 -184,087551
197,604254 -70,809783 -177,209059
202,582178 -65,230087 -203,687622
208,073964 -61,485066 -210,608596
214,796095 -60,366319 -215,404143
224,593397 -58,498056 -219,617911
198,581213 -68,945307 -192,408976
197,741967 -73,144980 -186,332666
197,875088 -76,060365 -180,999881
197,518494 -81,133713 -175,801631
197,875088 -76,060365 -180,999881
197,604254 -70,809783 -177,209059
196,352274 -73,069630 -172,518971
197,545654 -83,042051 -173,510043
196,394395 -76,247866 -170,543847
224,593397 -58,498056 -219,617911
232,871809 -58,333585 -220,010559
232,295524 -56,983022 -216,370190
224,558356 -55,705639 -215,640965
240,101635 -60,566223 -220,711934
240,030873 -58,378073 -217,269273
207,136987 -93,663794 -171,821869
199,886492 -89,469693 -173,358620
201,972180 -99,377239 -163,827354
208,690866 -100,530151 -166,699658
207,237313 -89,771964 -175,608782
200,523359 -86,612776 -175,018637
207,194021 -88,303646 -178,272330
200,049493 -85,116547 -176,767839
206,289540 -84,884025 -181,385965
200,138371 -81,679422 -180,909610
205,391958 -78,896210 -189,393591
200,995244 -77,022012 -186,599144
200,138371 -81,679422 -180,909610
206,289540 -84,884025 -181,385965
226,575620 -66,361332 -215,861072
224,402071 -62,652872 -219,188706
215,465649 -64,780101 -213,851107
219,151922 -67,160644 -211,376080
209,366274 -67,119800 -209,494750
213,941258 -68,661441 -208,121686
205,232486 -69,611926 -204,222677
210,862098 -70,692504 -203,514750
207,439135 -75,429017 -195,618927
200,878765 -73,904585 -194,921056
196,394395 -76,247866 -170,543847
194,356234 -78,889270 -169,898476
196,345913 -85,944342 -171,736358
197,545654 -83,042051 -173,510043
198,722224 -97,631016 -161,204833
196,670613 -96,051808 -159,054632
201,972180 -99,377239 -163,827354
199,886492 -89,469693 -173,358620
200,523359 -86,612776 -175,018637
200,049493 -85,116547 -176,767839
197,518494 -81,133713 -175,801631
200,138371 -81,679422 -180,909610
197,875088 -76,060365 -180,999881
197,875088 -76,060365 -180,999881
200,138371 -81,679422 -180,909610
200,995244 -77,022012 -186,599144
197,741967 -73,144980 -186,332666
200,878765 -73,904585 -194,921056
207,439135 -75,429017 -195,618927
210,862098 -70,692504 -203,514750
205,232486 -69,611926 -204,222677
198,581213 -68,945307 -192,408976
202,582178 -65,230087 -203,687622
209,366274 -67,119800 -209,494750
208,073964 -61,485066 -210,608596
215,465649 -64,780101 -213,851107
214,796095 -60,366319 -215,404143
226,575620 -66,361332 -215,861072
231,639065 -65,648515 -217,243919
231,854970 -62,127694 -220,606397
224,402071 -62,652872 -219,188706
236,888076 -65,603329 -217,853944
238,010277 -63,592617 -220,367483
256,269605 -68,683135 -218,029435
224,593397 -58,498056 -219,617911
232,871809 -58,333585 -220,010559
240,101635 -60,566223 -220,711934
184,573961 -92,636993 -152,493892
196,670613 -96,051808 -159,054632
194,356234 -78,889270 -169,898476
184,820778 -79,979324 -161,158744
191,705616 -72,815095 -168,689675
186,339525 -70,938805 -164,856994
196,394395 -76,247866 -170,543847
196,352274 -73,069630 -172,518971
195,321363 -71,818941 -171,169817
197,717317 -64,289757 -174,045954
190,614841 -62,385369 -172,845251
187,140443 -62,018788 -169,237737
184,711818 -57,318357 -164,559042
183,557002 -61,671287 -160,106972
197,604254 -70,809783 -177,209059
199,664174 -64,714350 -176,484332
199,071751 -59,416870 -177,302403
192,493541 -57,908913 -176,582890
187,672571 -56,444993 -173,250629
185,926446 -53,790484 -168,928150
200,007373 -53,858084 -182,242226
193,369426 -51,525111 -181,605642
190,617232 -51,052688 -177,298431
188,424464 -48,810284 -172,433576
211,530710 -60,571086 -175,381306
205,390541 -60,178456 -178,891937
205,038584 -57,353646 -179,506780
205,636916 -54,938576 -181,534286
200,718996 -51,641865 -186,823232
194,369601 -47,247290 -186,853929
191,712247 -45,433429 -181,424900
207,198717 -52,325302 -187,584743
202,003759 -48,740001 -194,130442
195,020183 -45,474708 -191,797794
193,060804 -42,255819 -185,387010
189,812435 -30,740960 -199,792906
193,641705 -40,558776 -196,660605
195,768648 -41,334741 -204,184557
190,611511 -33,855304 -208,988183
199,005478 -45,854942 -201,870370
207,761230 -49,529285 -195,591549
202,947147 -44,065346 -205,338731
200,022117 -42,829392 -207,420308
194,673559 -37,609199 -214,073775
188,529154 -30,144192 -217,817469
187,488503 -26,267228 -209,513903
185,234949 -23,274536 -216,558676
190,826050 -37,095473 -191,356582
190,419333 -44,700562 -175,742496
190,961608 -38,486459 -182,367855
189,626788 -34,835647 -187,519801
190,730948 -24,863594 -184,025007
187,849611 -23,901981 -194,989693
188,451314 -15,762335 -209,425362
191,445301 -13,470551 -199,639560
196,978544 -11,941883 -186,458306
192,213860 -30,804159 -176,135576
197,154951 -16,325496 -178,461971
190,113122 -51,164432 -156,022105
192,185502 -47,863300 -159,269771
192,113495 -44,504319 -164,239665
200,315489 -42,439283 -158,411406
199,514847 -46,197060 -151,967574
193,229783 -40,593191 -169,059178
200,508628 -23,759926 -170,778555
223,132946 -66,643141 -176,629935
218,350979 -59,575077 -170,867087
213,188266 -54,646125 -170,762150
215,369824 -54,279746 -168,687181
213,072560 -51,012713 -166,848934
221,011153 -47,847986 -167,840278
192,224917 -28,432315 -216,580428
189,011361 -22,403518 -215,257948
192,778645 -27,317208 -213,393034
194,987336 -28,859257 -209,026657
192,291063 -24,736644 -211,858389
191,196296 -23,761839 -213,854369
193,272829 -27,272605 -208,009679
196,659413 -34,325267 -211,802731
196,855455 -32,080711 -209,935776
198,076900 -33,637146 -204,509333
208,730772 -52,021595 -179,877285
209,503186 -50,555619 -172,548619
213,707707 -43,787680 -187,555088
213,018934 -40,839955 -180,915636
211,590281 -44,138596 -195,144205
205,793887 -41,040470 -201,943856
200,974329 -38,126969 -206,782263
199,341976 -37,363500 -205,687107
204,177709 -39,837027 -200,476517
207,254619 -41,820672 -191,986809
207,909676 -41,697879 -185,775375
200,470973 -38,736977 -197,726439
211,834277 -47,502455 -162,705817
208,971372 -41,622590 -180,488486
202,409944 -40,172975 -191,617403
202,229841 -41,717176 -184,253037
200,512488 -40,953371 -177,624269
199,292220 -37,686974 -182,362242
197,835423 -35,364656 -188,648532
196,393093 -30,724564 -196,856434
195,057080 -28,783714 -202,696938
198,027070 -33,960578 -181,184500
195,810212 -28,783799 -187,175772
194,523016 -25,760832 -195,261234
193,709738 -24,234045 -201,597551
197,445365 -22,860665 -182,552144
200,284984 -29,258351 -177,000017
195,908208 -19,561920 -191,881773
193,185860 -18,675455 -199,053387
191,131507 -20,324918 -206,965647
190,501709 -20,613813 -210,199469
213,505606 -42,661871 -161,370565
209,404544 -44,511939 -158,715557
210,086285 -36,251220 -154,960492
213,618657 -36,141800 -158,207503
217,996366 -39,742480 -161,668734
221,639399 -40,654656 -161,857311
204,524099 -36,619535 -152,994710
208,859127 -39,713829 -177,246537
213,527958 -40,169773 -178,127603
207,013605 -38,386066 -174,063001
328,715622 -26,725463 -130,228643
325,828046 -19,903131 -129,894392
321,940181 -22,317675 -129,327679
328,715622 -26,725463 -130,228643
327,286387 -22,207728 -123,593388
325,815507 -17,108834 -125,922076
325,828046 -19,903131 -129,894392
306,928827 -7,299263 -126,560428
307,058632 -8,750336 -129,415634
312,412614 -9,524566 -129,949766
312,531221 -8,366902 -125,865105
316,982572 -14,318238 -132,935806
312,270038 -17,556179 -136,781399
318,007522 -23,281391 -131,439281
318,805335 -22,241900 -129,992307
298,469869 -6,630003 -123,696244
302,117251 -9,655636 -118,635979
300,563606 -7,990884 -116,791012
295,534279 -6,237559 -120,212571
304,122095 -28,600087 -140,089526
306,948190 -34,173773 -140,112912
309,649253 -32,293705 -140,815238
307,911362 -25,361167 -140,698172
279,313846 -12,183219 -128,766517
279,219114 -8,565648 -124,872555
263,784775 -7,275227 -126,644894
261,533626 -9,612625 -132,770546
233,470066 -4,416435 -133,290328
225,332715 -9,657917 -137,148005
229,198742 -15,656458 -144,100464
237,568357 -11,148404 -139,385383
238,049800 -37,686771 -165,343331
236,465830 -45,962347 -173,571900
238,980742 -44,896242 -174,013166
240,594910 -37,591736 -167,530365
245,957570 -42,702421 -175,707538
247,419881 -42,474257 -174,329799
245,359649 -39,955288 -171,616923
241,859284 -37,865982 -167,333558
249,930002 -39,586757 -172,539943
247,419881 -42,474257 -174,329799
252,382252 -44,470968 -174,255862
251,717037 -40,275023 -172,838980
241,859284 -37,865982 -167,333558
248,280522 -36,014437 -167,489452
248,087974 -35,024730 -165,011973
252,382252 -44,470968 -174,255862
252,345624 -46,655142 -175,309376
256,631400 -46,806137 -171,894503
255,444237 -45,648326 -171,356314
240,160326 -44,064816 -175,302330
242,825943 -44,554488 -174,090775
256,656630 -40,117753 -166,180058
258,198885 -44,132689 -166,101014
259,270711 -43,417092 -163,426681
257,573753 -39,477268 -164,301932
249,058049 -50,292332 -175,177322
251,509162 -50,031971 -174,844844
233,480515 -61,935255 -176,985087
240,862077 -67,765993 -175,336070
246,162161 -59,561389 -178,390224
239,773682 -53,916387 -178,114574
261,581979 -49,460840 -169,222655
262,379092 -51,891172 -169,164911
264,745155 -49,734900 -165,577968
263,397870 -45,185271 -164,478638
188,451314 -15,762335 -209,425362
185,234949 -23,274536 -216,558676
189,011361 -22,403518 -215,257948
191,196296 -23,761839 -213,854369
190,501709 -20,613813 -210,199469
200,284984 -29,258351 -177,000017
207,013605 -38,386066 -174,063001
200,315489 -42,439283 -158,411406
200,508628 -23,759926 -170,778555
197,445365 -22,860665 -182,552144
197,154951 -16,325496 -178,461971
195,908208 -19,561920 -191,881773
196,978544 -11,941883 -186,458306
193,185860 -18,675455 -199,053387
191,445301 -13,470551 -199,639560
191,131507 -20,324918 -206,965647
240,030873 -58,378073 -217,269273
240,101635 -60,566223 -220,711934
256,269605 -68,683135 -218,029435
199,514847 -46,197060 -151,967574
200,315489 -42,439283 -158,411406
204,524099 -36,619535 -152,994710
200,582378 -38,409180 -149,526294
215,618910 -12,502280 -77,070915
213,306342 -3,438387 -84,448232
228,067612 -6,641466 -89,711427
231,241898 -14,299875 -82,865245
188,806121 -42,301991 -145,827666
189,936606 -31,360903 -137,431753
200,881253 -30,284821 -141,883843
197,389612 -18,037621 -128,732644
203,481349 -17,030978 -129,672151
202,626292 -8,162278 -115,816968
209,022871 -6,265411 -115,680565
206,686799 -1,594111 -101,029586
215,638494 -3,177680 -105,390274
210,814597 -0,344231 -91,334039
224,065631 -2,518703 -96,089642
180,035304 -76,026057 -156,662857
184,820778 -79,979324 -161,158744
186,339525 -70,938805 -164,856994
180,261804 -69,628279 -157,676932
179,641963 -82,175889 -154,342832
180,420853 -90,601000 -149,232542
184,573961 -92,636993 -152,493892
190,113122 -51,164432 -156,022105
183,825150 -53,249958 -152,811727
183,557002 -61,671287 -160,106972
239,612192 -62,882955 -209,232234
240,001450 -59,559858 -208,896416
256,269605 -68,683135 -218,029435
241,108607 -57,985801 -211,775611
207,013605 -38,386066 -174,063001
209,404544 -44,511939 -158,715557
200,315489 -42,439283 -158,411406
68,717629 158,192836 57,770008
69,600283 160,088784 55,071661
73,195229 173,399859 65,161401
73,272809 169,771704 70,508486
74,562795 184,954739 70,755246
74,679305 179,694104 79,661092
-117,811451 93,596902 71,257435
-105,011479 96,666673 72,278621
-96,917810 99,360288 70,635651
-95,063999 94,989172 77,438899
-123,882717 91,158258 73,417257
-124,641866 96,489889 67,892942
-116,302538 96,351226 66,838715
-234,828958 92,387676 84,908114
-226,386629 96,911247 85,879099
-219,708993 88,769088 95,703998
-231,285509 83,997557 94,664718
-205,330698 96,852986 94,285656
-214,440208 102,031262 82,852079
-205,574629 98,344157 90,156817
-262,904682 -92,976928 -40,515985
-266,325319 -91,194941 -51,128360
-265,149379 -77,427544 -59,399886
-260,099652 -92,723438 -40,964534
-263,785012 -89,596578 -48,326417
192,778645 -27,317208 -213,393034
191,196296 -23,761839 -213,854369
189,011361 -22,403518 -215,257948
192,224917 -28,432315 -216,580428
-214,440208 102,031262 82,852079
-226,386629 96,911247 85,879099
-229,636392 108,293597 92,522748
-223,726451 112,437458 89,998164
-234,828958 92,387676 84,908114
-239,105754 102,248623 90,387633
125,440104 16,824342 51,302085
124,935197 6,347983 43,935075
118,502753 8,224882 51,359248
114,994740 14,296091 56,703037
131,711599 19,344379 46,199007
131,753614 8,714678 36,197662
136,916228 16,069212 31,913595
131,640378 26,335438 50,394111
138,926876 27,123265 35,397460
124,433350 25,067764 56,011082
112,210378 22,157428 61,715230
110,853752 27,342645 63,888353
122,555736 29,619930 58,752688
108,833367 35,491637 66,956215
120,209356 36,772886 61,019522
117,033902 47,696671 63,177267
128,015734 48,206135 58,377860
130,133679 38,668037 56,187108
133,394194 45,830295 54,124459
136,989702 42,302092 48,167864
139,828970 35,711183 42,846478
131,567542 31,262083 52,848797
140,701117 23,886776 29,287191
144,496171 38,963882 38,279608
148,936901 35,401064 25,938605
147,870535 47,667193 43,337086
149,372092 42,640591 34,376266
144,662736 50,017584 48,944416
140,493575 53,600361 55,066561
131,641720 55,774725 60,021046
125,940432 55,084745 61,754871
115,404050 51,898116 64,564850
105,973711 44,739745 71,085726
153,515757 47,223617 29,643839
154,265322 41,142154 20,593411
152,573194 54,926084 39,738985
149,090587 58,334876 46,296430
143,315870 62,677903 52,937663
132,936492 64,170537 59,328255
123,639772 63,412400 61,216275
114,428024 60,556830 64,418258
103,515324 53,997704 72,022341
150,400086 62,395820 16,954927
151,916137 54,910205 8,812092
149,222074 70,790896 25,956102
145,141336 75,527214 31,891090
138,494993 79,448086 37,623878
128,135094 82,728949 43,624283
116,491766 82,329436 46,129985
104,965924 80,341347 46,958859
89,308712 78,063067 48,522898
145,711066 -4,602791 2,735436
141,010557 -3,518501 12,661744
149,415959 9,894588 11,606640
154,569950 10,953474 2,708264
151,091012 20,663271 13,858273
146,677622 11,629947 16,959410
139,090977 3,371252 21,563447
137,013913 7,595051 26,137838
136,335167 -1,500375 29,604332
155,676099 28,156449 12,187593
158,423909 34,702594 10,719957
156,912731 47,603870 -0,017705
159,744688 43,998740 -4,466466
161,912265 31,367228 6,654076
158,729346 24,666757 6,337018
-168,131065 -2,564004 119,433375
-156,225982 -1,733384 118,218935
-152,083350 -10,918126 107,024610
-150,910177 -2,604555 115,583805
-135,927622 -4,007991 108,188569
-168,806569 6,855295 129,887530
-176,837911 5,056739 130,002323
-157,918622 7,569132 127,027247
-150,648311 8,217150 124,326719
-134,484781 8,755919 118,379110
-130,382754 10,173208 117,203316
-114,489613 11,871341 114,680233
-173,503801 19,959498 137,210922
-184,659652 17,450134 137,242478
-161,481152 20,555787 134,069016
-150,981429 24,460696 130,811445
-134,611809 27,386938 124,793248
-134,195979 20,776966 124,326738
-128,528610 17,433002 121,641304
-122,984506 18,947010 118,930071
-120,793238 30,354068 120,591395
-127,030323 27,064633 123,655162
-109,327496 36,617668 122,643381
-108,456579 13,630782 116,239000
-97,892323 29,877487 120,294771
-97,482623 20,511654 118,551128
-81,428372 24,898058 120,359995
-97,892323 29,877487 120,294771
-100,314896 38,338469 119,209262
-91,085455 39,399738 121,729175
-81,428372 24,898058 120,359995
-109,327496 36,617668 122,643381
-104,054766 45,706654 115,676007
-91,173465 43,566874 122,133735
-82,778677 41,024906 125,198981
-72,717081 42,149444 123,836292
-63,916074 39,612060 123,730389
-54,546069 28,733228 119,595849
-56,689703 41,740191 122,638001
-47,811236 39,664497 120,152322
-26,783459 39,253444 112,282014
-25,684339 31,640726 110,181187
-57,881491 53,634608 112,870113
-29,989771 53,866937 105,470312
-85,969076 54,087242 114,293103
-94,627231 53,727779 113,685217
-107,181401 49,641616 113,644152
-112,117075 44,699845 117,834829
-109,327496 36,617668 122,643381
-117,124101 41,060824 118,695022
-112,117075 44,699845 117,834829
-120,793238 30,354068 120,591395
-125,111629 37,782148 117,201698
-120,748288 45,539768 114,431702
-113,995342 50,273932 112,842603
-125,659572 53,743868 110,732580
-113,703077 55,822518 109,204283
-107,181401 49,641616 113,644152
-113,995342 50,273932 112,842603
-113,703077 55,822518 109,204283
-86,883429 61,162492 110,058455
-58,383357 63,470264 106,741470
-57,881491 53,634608 112,870113
-85,969076 54,087242 114,293103
-32,851203 63,358099 99,783750
-29,989771 53,866937 105,470312
3,621222 56,993437 85,780902
6,600526 39,967132 92,685960
-39,604376 81,563119 84,482238
-2,676741 76,965798 70,453807
-62,992851 81,537556 90,321261
-89,920594 78,273854 93,689918
-118,103479 71,950050 94,200003
-125,659572 53,743868 110,732580
-131,630797 70,550521 96,141163
-118,103479 71,950050 94,200003
-113,703077 55,822518 109,204283
-136,545419 53,887380 118,144750
-143,321295 71,666510 100,230278
-125,111629 37,782148 117,201698
-133,871907 40,508615 122,294625
-134,611809 27,386938 124,793248
-127,030323 27,064633 123,655162
-120,793238 30,354068 120,591395
-180,118246 34,609245 138,568702
-173,503801 19,959498 137,210922
-184,659652 17,450134 137,242478
-193,973404 32,360489 142,323042
-165,394636 39,798202 134,682351
-161,481152 20,555787 134,069016
-151,124797 40,161506 130,982621
-150,981429 24,460696 130,811445
-146,085431 52,374011 126,672844
-143,722880 56,552599 122,238906
-151,178273 48,256268 129,886202
-157,682449 52,642812 131,168218
-170,002008 53,697655 132,328103
-161,420177 55,365090 129,583623
-178,369629 47,830668 137,689323
-177,728849 52,976208 135,719180
-183,164564 44,637911 139,217683
-189,516283 45,416987 140,217161
-198,793863 37,333580 145,240988
-193,060178 46,596868 140,057475
-211,773070 68,593393 114,210273
-193,206077 54,060830 136,352897
-194,161824 50,669663 138,820901
-209,993395 48,595066 134,444388
-196,595782 72,760357 114,725169
-189,176016 56,887186 134,299206
-177,107692 74,708058 111,857582
-181,932659 56,335863 134,393874
-160,322867 60,584059 126,922932
-161,250209 74,392214 107,553194
-155,732839 62,568666 122,670827
-148,079501 60,837241 122,410704
-85,969076 54,087242 114,293103
-82,778677 41,024906 125,198981
-91,173465 43,566874 122,133735
-72,717081 42,149444 123,836292
-231,730334 28,814040 138,181446
-234,505944 38,783969 130,141763
-221,805791 44,798897 132,464552
-220,811289 34,424575 140,802769
-237,119170 22,829720 136,080053
-243,498532 34,621534 124,968872
-248,341192 20,003925 126,173505
-251,958883 28,339361 117,923080
-256,095088 14,702443 116,758548
-258,607285 21,669826 108,534748
-259,917915 7,740068 106,668814
-262,728002 13,782464 100,130101
-261,268826 -1,789259 95,402151
-263,242117 3,210467 90,266765
-259,252252 -18,038326 76,189942
-261,492872 -13,948893 72,760692
-256,527025 -30,867362 63,210064
-260,119404 -27,101377 59,372433
-256,986218 -40,168931 53,037624
-259,396580 -37,978443 47,314868
-261,046284 -48,511547 35,263585
-265,211766 -35,045987 20,137345
-264,329891 -23,950774 31,421986
-264,797134 -11,854733 44,082834
-266,733000 17,838091 75,359964
-266,495503 1,595933 58,457186
-265,916327 27,077741 84,736727
-262,948587 36,881813 94,159338
-253,637030 47,467216 102,801246
-246,369681 53,625158 107,364512
-236,521725 59,369877 110,852078
-225,969304 63,711929 112,708400
-211,773070 68,593393 114,210273
-209,993395 48,595066 134,444388
-251,559563 -35,039898 67,855177
-253,590475 -25,159990 79,961321
-253,034849 -10,723899 103,083843
-250,101339 -0,449366 115,416778
-245,215804 7,804438 124,346813
-233,995908 15,276139 132,304789
-243,953284 -14,246258 104,519390
-233,473399 -16,191819 106,027558
-245,449768 -30,107109 83,103491
-236,959794 -4,513283 116,421680
-230,939483 3,622931 125,070124
-229,943262 -7,477315 116,609672
-264,206278 -58,516399 21,809318
-267,676742 -43,667164 11,815316
-266,214199 -64,929866 16,398785
-270,463879 -50,053341 5,891789
100,611232 95,081251 155,430589
96,997110 88,542885 146,004294
93,430938 89,725145 145,850136
96,216635 95,416053 157,098694
113,314847 94,623717 148,167430
108,074305 88,820357 139,282981
103,065994 89,905894 140,664274
106,560689 94,614070 150,277662
114,502605 99,616010 143,562942
109,337416 92,425972 135,561164
96,414103 98,592941 159,066641
96,168657 102,483527 163,757965
100,892900 102,360703 160,830517
101,423513 105,771877 161,543784
117,832933 104,003472 172,255441
124,642346 104,477148 167,770995
121,714605 101,361103 164,582557
112,847301 100,683960 165,763695
126,504188 106,063842 181,913322
132,101218 107,990757 174,340894
134,837696 112,484659 188,390221
139,747538 112,709527 183,662113
116,473115 108,950902 184,222801
120,161962 113,217307 189,996960
111,220417 105,821630 174,173063
107,676648 103,405199 168,210921
127,126883 108,522367 163,884001
133,242359 111,729606 170,072175
124,419854 105,063307 159,325243
126,525050 110,303325 155,814168
118,797755 105,100558 148,867973
118,574052 101,609436 154,230106
107,321228 110,258356 176,123974
104,821932 107,144601 169,758961
112,081233 113,926201 183,964148
111,859991 100,903812 156,792603
118,574052 101,609436 154,230106
118,797755 105,100558 148,867973
114,502605 99,616010 143,562942
113,314847 94,623717 148,167430
103,065994 89,905894 140,664274
100,066550 89,240771 141,953956
103,259983 93,651264 154,491421
106,560689 94,614070 150,277662
96,997110 88,542885 146,004294
100,611232 95,081251 155,430589
93,590380 110,933366 157,147854
96,168657 102,483527 163,757965
96,414103 98,592941 159,066641
92,957599 104,113306 152,544747
100,211333 111,922144 158,994211
101,423513 105,771877 161,543784
102,887464 116,172865 165,596985
104,821932 107,144601 169,758961
101,423513 105,771877 161,543784
100,211333 111,922144 158,994211
120,517289 127,754623 178,053421
120,161962 113,217307 189,996960
112,081233 113,926201 183,964148
111,142545 125,649651 177,786444
104,115632 120,253613 171,243659
107,321228 110,258356 176,123974
104,728595 115,237126 151,394392
100,211333 111,922144 158,994211
93,590380 110,933366 157,147854
94,360796 115,077553 151,216474
100,211333 111,922144 158,994211
104,728595 115,237126 151,394392
107,059839 124,610133 156,871982
102,887464 116,172865 165,596985
108,673609 130,251859 163,419845
104,115632 120,253613 171,243659
112,877621 135,078066 166,133971
111,142545 125,649651 177,786444
120,940908 136,163490 166,444841
120,517289 127,754623 178,053421
128,653785 134,997230 166,284940
128,198410 127,301236 177,467729
95,838769 108,873865 145,055491
94,360796 115,077553 151,216474
93,590380 110,933366 157,147854
92,957599 104,113306 152,544747
91,367142 94,951589 142,658604
92,362295 96,761627 136,108116
106,560689 94,614070 150,277662
111,859991 100,903812 156,792603
118,574052 101,609436 154,230106
113,314847 94,623717 148,167430
112,847301 100,683960 165,763695
121,714605 101,361103 164,582557
111,859991 100,903812 156,792603
107,172345 100,308218 160,167608
106,560689 94,614070 150,277662
103,259983 93,651264 154,491421
107,172345 100,308218 160,167608
111,859991 100,903812 156,792603
100,611232 95,081251 155,430589
104,436869 101,180781 160,990235
107,676648 103,405199 168,210921
112,847301 100,683960 165,763695
107,172345 100,308218 160,167608
104,436869 101,180781 160,990235
104,821932 107,144601 169,758961
101,423513 105,771877 161,543784
101,423513 105,771877 161,543784
104,436869 101,180781 160,990235
100,892900 102,360703 160,830517
100,611232 95,081251 155,430589
96,414103 98,592941 159,066641
96,216635 95,416053 157,098694
92,957599 104,113306 152,544747
123,705961 114,452703 152,528421
115,584521 108,478241 146,719602
118,797755 105,100558 148,867973
126,525050 110,303325 155,814168
115,584521 108,478241 146,719602
109,859531 101,323451 138,851250
114,502605 99,616010 143,562942
118,797755 105,100558 148,867973
127,126883 108,522367 163,884001
128,109504 113,112872 158,620721
126,525050 110,303325 155,814168
124,419854 105,063307 159,325243
139,747538 112,709527 183,662113
141,582976 113,499249 178,519570
133,242359 111,729606 170,072175
132,101218 107,990757 174,340894
143,915061 121,151980 174,915160
135,260814 116,412201 166,444470
137,448616 129,703981 164,902006
132,393206 123,147634 159,480923
127,460899 117,236742 156,688981
123,705961 114,452703 152,528421
100,378858 109,582776 141,134416
104,728595 115,237126 151,394392
94,360796 115,077553 151,216474
95,838769 108,873865 145,055491
105,869267 105,101840 138,211243
110,242520 111,933091 145,671302
109,859531 101,323451 138,851250
115,584521 108,478241 146,719602
98,477894 97,243015 132,372987
101,161464 98,063747 131,988632
107,507617 95,413955 134,246794
110,242520 111,933091 145,671302
114,653665 122,714269 151,634978
107,059839 124,610133 156,871982
104,728595 115,237126 151,394392
115,584521 108,478241 146,719602
123,705961 114,452703 152,528421
118,479313 128,813889 157,194715
108,673609 130,251859 163,419845
127,460899 117,236742 156,688981
92,362295 96,761627 136,108116
98,477894 97,243015 132,372987
100,378858 109,582776 141,134416
95,838769 108,873865 145,055491
112,877621 135,078066 166,133971
108,673609 130,251859 163,419845
118,479313 128,813889 157,194715
120,940908 136,163490 166,444841
132,393206 123,147634 159,480923
127,460899 117,236742 156,688981
128,653785 134,997230 166,284940
137,448616 129,703981 164,902006
128,198410 127,301236 177,467729
143,915061 121,151980 174,915160
134,837696 112,484659 188,390221
120,161962 113,217307 189,996960
120,517289 127,754623 178,053421
-189,390403 13,716512 144,156988
-198,143389 27,463180 154,385426
-193,973404 32,360489 142,323042
-184,659652 17,450134 137,242478
-193,108488 9,998526 150,242939
-201,704333 28,424556 164,052057
-198,951475 7,480782 152,169430
-206,765482 23,593800 167,691172
-204,909082 4,334623 151,493368
-213,286624 21,267032 169,208828
-212,425322 3,095865 148,548139
-220,920368 20,262611 168,191053
-237,119170 22,829720 136,080053
-241,593256 30,729523 153,780595
-239,556334 24,303742 159,767402
-233,426133 13,107562 145,213105
-231,215013 7,983374 139,151887
-233,995908 15,276139 132,304789
-208,827034 42,451189 183,230095
-215,454366 42,302898 185,909131
-212,835817 54,331849 198,739973
-207,712936 55,081777 197,149639
-208,064247 34,474413 177,427207
-215,548041 33,407664 179,442426
-218,029576 33,196538 179,337651
-222,343956 45,128340 186,289876
-218,767597 55,902547 198,601297
-226,448641 34,482820 176,602681
-230,151894 23,847207 163,722424
-229,662723 47,066381 185,312593
-225,480066 59,058687 197,154840
-235,060698 37,390152 174,912474
-205,497407 45,470767 180,773051
-205,122205 56,948564 192,101311
-204,097400 37,920338 172,457061
-201,210825 36,365979 160,321292
-205,937750 45,537282 169,167522
-207,822075 51,736334 178,499631
-207,539717 59,900938 188,434309
-210,132070 48,186263 168,273534
-206,678769 41,945245 157,974823
-215,417002 54,760404 178,455221
-215,629519 49,832638 167,449868
-213,841231 42,980561 155,505052
-224,130500 48,649192 167,819346
-223,723145 38,641494 151,724905
-221,280355 54,899768 179,189926
-213,424920 62,725122 187,960009
-219,962164 63,156464 190,760179
-234,580193 37,135862 152,541126
-231,730334 28,814040 138,181446
-220,811289 34,424575 140,802769
-234,993736 44,387741 167,358491
-227,751439 53,848794 180,376531
-223,539572 62,394587 191,372174
-236,745080 41,421890 171,345102
-231,735158 53,082240 184,159506
-227,613573 61,048344 195,034005
-231,286433 13,873769 148,611061
108,233638 69,878697 111,214520
106,814201 67,175897 116,428736
104,746623 77,774175 128,087289
105,490160 80,718980 124,951138
108,921142 63,288647 104,528993
107,815131 58,859090 109,228142
107,643125 48,832635 90,807588
106,715478 45,512471 95,761661
107,459310 39,357718 84,219804
107,249973 35,150561 90,034921
93,430938 89,725145 145,850136
96,997110 88,542885 146,004294
92,995058 76,903585 132,339417
89,176298 79,141907 133,129904
90,500402 65,598828 124,607490
86,400200 66,836354 124,585893
90,368045 57,371945 117,705749
84,204415 56,535243 117,638617
88,904577 42,568292 105,785115
79,749504 43,637870 107,480523
84,340536 32,712189 101,318467
77,079285 33,957149 100,765972
87,251428 81,555525 131,672474
81,910564 68,503820 122,911811
77,392243 59,822415 115,639732
75,042874 44,864344 105,116426
72,554400 36,315361 98,661530
86,944311 82,441880 127,662163
81,790233 72,498955 118,355902
77,149932 63,950828 110,536877
71,433503 51,309737 100,091693
67,642803 44,735029 85,163510
91,620144 84,905119 121,056803
85,418095 75,637211 112,148750
82,301529 68,554907 104,953965
77,351517 52,656283 89,248886
76,172437 49,772623 80,801467
108,074305 88,820357 139,282981
109,337416 92,425972 135,561164
103,065994 89,905894 140,664274
101,042490 75,943941 130,942020
101,942487 34,131690 95,895744
102,661992 41,509172 100,615390
103,049137 55,816124 115,712289
102,980437 66,347061 123,244749
100,066550 89,240771 141,953956
97,204136 76,221093 132,472049
95,214789 39,724094 103,078167
94,090162 28,824422 98,196906
98,171089 56,785322 117,667060
97,663222 67,245901 125,862695
124,419854 105,063307 159,325243
118,574052 101,609436 154,230106
111,859991 100,903812 156,792603
143,915061 121,151980 174,915160
141,582976 113,499249 178,519570
139,747538 112,709527 183,662113
134,837696 112,484659 188,390221
128,198410 127,301236 177,467729
92,362295 96,761627 136,108116
86,944311 82,441880 127,662163
91,620144 84,905119 121,056803
98,477894 97,243015 132,372987
77,351517 52,656283 89,248886
76,172437 49,772623 80,801467
83,529467 50,978020 78,217433
85,909278 52,261626 84,769595
82,301529 68,554907 104,953965
88,243311 70,862918 101,110196
85,418095 75,637211 112,148750
90,803632 78,002871 108,443057
91,367142 94,951589 142,658604
87,251428 81,555525 131,672474
109,859531 101,323451 138,851250
107,507617 95,413955 134,246794
109,337416 92,425972 135,561164
114,502605 99,616010 143,562942
103,891569 84,286799 119,879791
101,161464 98,063747 131,988632
95,982522 88,033284 120,215872
100,275521 73,159642 105,512788
105,490160 80,718980 124,951138
98,837721 51,380422 75,818415
101,965569 56,854949 84,446041
100,734936 67,781987 97,953492
107,459310 39,357718 84,219804
107,643125 48,832635 90,807588
108,921142 63,288647 104,528993
108,233638 69,878697 111,214520
108,833367 35,491637 66,956215
110,853752 27,342645 63,888353
111,665461 21,261219 72,100639
110,097674 29,567616 76,925798
110,443419 17,038333 78,744415
108,965731 25,924452 83,690799
102,996943 10,634972 83,138622
103,875290 25,346623 90,241581
93,204725 11,278297 87,347211
93,687360 21,756945 94,719748
80,128344 11,283645 88,395718
81,579818 23,258094 96,547768
73,113284 14,220147 88,224946
75,045572 22,826738 94,817862
68,331016 17,639700 87,043187
70,023078 25,728839 90,481965
61,064459 24,608886 79,273322
59,290845 31,628477 78,904988
112,210378 22,157428 61,715230
113,709001 15,095574 68,297838
112,755875 9,740988 71,499915
105,993948 3,113714 76,342068
94,711834 1,628137 80,339593
82,283216 2,127844 81,388476
74,521605 4,779631 83,134603
68,763222 7,465126 83,229062
58,674523 14,749546 76,165274
103,515324 53,997704 72,022341
105,973711 44,739745 71,085726
84,340536 32,712189 101,318467
94,090162 28,824422 98,196906
101,942487 34,131690 95,895744
107,249973 35,150561 90,034921
114,994740 14,296091 56,703037
116,003206 5,809476 61,810078
95,655301 -5,995675 72,714107
81,057590 -3,916192 76,475843
107,204400 -2,793361 69,075514
113,098867 0,972462 66,835200
67,642803 44,735029 85,163510
72,554400 36,315361 98,661530
67,661746 -1,451110 77,612863
60,482573 1,457302 71,890981
77,079285 33,957149 100,765972
74,954684 -3,409127 78,591069
152,464517 -80,321285 -131,561320
136,509539 -77,284415 -124,410762
138,436889 -78,246417 -122,689198
152,494377 -83,026363 -127,595449
141,957074 -81,703953 -114,465528
154,654506 -84,917260 -123,005717
145,518484 -81,081872 -102,781435
158,673303 -84,143100 -109,542411
148,530010 -76,545748 -94,946438
163,658992 -80,823629 -103,050722
151,567324 -71,989607 -87,112218
167,709993 -76,173099 -93,575423
157,037773 -62,837259 -71,299374
175,571058 -68,274417 -82,313753
160,791938 -50,847247 -56,280451
181,106382 -55,879963 -67,593420
168,700659 -32,624325 -39,430963
184,605890 -38,188023 -53,578482
172,268699 -19,960075 -30,345236
189,023285 -24,651023 -46,337742
174,647607 -12,851280 -28,536123
190,410355 -20,321435 -44,960704
175,705385 -6,051190 -27,114308
192,299174 -14,637351 -44,627125
179,270615 5,676977 -25,050164
193,579147 -8,207988 -44,558412
183,501845 10,896078 -27,196379
195,644795 -1,386848 -43,987070
179,734135 20,185222 -34,174329
193,344285 6,412599 -51,869877
164,965801 -83,838071 -138,343412
166,402766 -87,665376 -133,064976
182,935911 -95,796373 -141,208403
180,420853 -90,601000 -149,232542
208,214285 -12,725985 -56,954587
204,503360 -2,931080 -64,357883
215,618910 -12,502280 -77,070915
217,377672 -20,273344 -68,214040
204,377154 -17,173394 -55,945647
202,867739 -24,052138 -56,655110
217,400363 -27,576393 -65,073672
202,333508 -32,182600 -57,911324
215,485638 -37,977338 -65,944715
200,456962 -44,137038 -62,882116
213,534963 -53,269662 -72,319266
194,507393 -61,946800 -74,511075
209,233788 -67,013321 -81,504669
186,445230 -73,044595 -87,745328
201,018877 -77,186125 -93,241830
180,601258 -80,928804 -100,690702
199,262900 -85,540801 -104,131857
176,399982 -86,617680 -107,934901
193,550099 -93,462650 -114,034048
171,048552 -89,537214 -116,067373
187,353575 -98,952772 -129,398900
167,641830 -89,019897 -127,508154
185,346268 -97,986907 -135,485692
171,559584 30,108544 -21,833709
174,255544 21,398395 -12,698811
161,912265 31,367228 6,654076
159,744688 43,998740 -4,466466
122,270162 -79,023017 -106,947398
120,527089 -74,554599 -117,571730
96,920295 -71,979773 -108,981336
100,721464 -79,244966 -98,508573
125,857207 -78,381016 -95,264238
105,800286 -79,912978 -87,477383
129,673863 -74,174460 -86,451490
114,616604 -76,002498 -78,007527
133,724728 -69,523892 -76,976212
118,904223 -70,856831 -65,382638
138,634092 -60,308619 -61,047150
126,395315 -61,667790 -51,248938
146,490284 -46,901318 -47,204022
135,399194 -49,066448 -37,251501
156,359068 -31,782719 -28,466687
141,198448 -39,780910 -25,167717
147,703014 -30,293323 -17,535381
161,960803 -19,770138 -20,624137
149,970719 -21,401283 -9,710108
163,759246 -9,162402 -17,808373
151,893362 -6,180050 -5,821638
165,981973 2,337960 -13,656385
154,569950 10,953474 2,708264
171,112721 14,001813 -12,563651
158,729346 24,666757 6,337018
145,711066 -4,602791 2,735436
132,386445 -52,983063 -30,740395
138,523670 -39,471564 -18,963559
141,943954 -31,390844 -10,962218
142,903564 -23,496008 -3,088411
140,947319 -15,887884 5,365700
141,010557 -3,518501 12,661744
110,181383 -73,467013 -57,910790
118,123697 -66,881666 -43,274819
119,829384 -65,090510 -44,456012
133,068280 -7,822100 36,192420
124,935197 6,347983 43,935075
131,753614 8,714678 36,197662
136,335167 -1,500375 29,604332
136,069688 -15,242395 31,870187
140,022392 -9,979812 21,182751
135,614001 -24,521747 21,702407
139,569387 -16,525563 12,287387
137,476392 -37,428708 12,584149
141,015398 -30,202014 4,311841
137,619728 -44,728220 4,002927
140,131144 -39,483618 -2,679296
132,367113 -53,360788 -8,650183
137,159928 -45,522215 -12,127116
126,458933 -60,704042 -26,981793
127,970913 -57,370479 -29,587919
139,090977 3,371252 21,563447
121,258533 -64,305421 -46,427440
83,746207 -71,950162 -105,646736
86,172535 -78,651006 -96,333164
91,688241 -81,206673 -85,252878
102,785223 -78,485333 -66,099018
122,606528 -3,189520 50,743329
116,764782 2,557217 56,528323
118,502753 8,224882 51,359248
82,726707 -79,116004 -92,911988
85,958938 -81,967743 -86,005045
95,073324 -80,836642 -69,271811
102,542484 -78,355509 -54,924260
109,845678 -73,054027 -42,327113
116,409067 -67,185107 -23,239283
122,261422 -61,190936 -7,068229
127,763632 -52,751687 9,170359
130,087780 -41,625506 23,690858
127,893876 -30,994954 32,328086
127,849403 -23,905127 38,992064
124,504086 -11,283931 44,658805
103,215513 -16,328069 58,658188
108,262329 -32,762450 46,732536
62,792756 -73,242201 -101,731730
65,739197 -79,850960 -92,700545
78,411318 -71,785406 -104,137960
109,242466 -41,104587 39,554687
109,047455 -47,826665 34,271264
102,999764 -61,643586 18,080880
96,713141 -67,713431 2,594802
90,691186 -75,606403 -15,869645
86,184975 -82,156917 -36,189004
75,683770 -86,517028 -59,563448
69,890378 -83,839090 -76,715236
66,312946 -81,703058 -87,116738
-3,564003 -75,340429 -87,266172
-34,863550 -76,835903 -80,967459
-33,527550 -82,105153 -71,723429
0,542565 -81,967676 -68,804091
-30,773873 -83,886968 -62,289378
2,468605 -84,518211 -55,078004
-25,423686 -85,635594 -52,212975
8,786363 -82,944433 -32,687535
-21,089431 -85,730756 -34,712837
17,977933 -80,545284 -16,269022
-21,996188 -87,226659 -18,229672
24,643966 -75,670190 -1,158830
-12,562972 -83,346261 8,347513
29,902581 -67,179769 23,784753
5,675795 -70,710987 32,620608
30,722816 -61,061620 34,338162
7,540278 -64,483755 44,836144
33,231737 -55,169741 41,984923
7,468926 -58,593311 54,295352
33,834064 -49,571331 49,378566
10,151171 -51,586730 62,175169
35,668395 -38,769238 57,159495
11,478896 -42,133723 70,977655
36,637190 -24,284399 62,318610
12,708311 -29,788585 80,482829
35,240118 -17,596672 66,104535
11,691696 -16,031185 87,751361
35,192405 -2,343467 74,152569
12,542151 3,306264 92,906613
36,118363 10,103923 77,587107
10,833254 19,071299 94,049108
34,321425 20,643415 80,556962
10,044505 30,732468 90,904353
33,133252 28,855770 79,742212
6,600526 39,967132 92,685960
31,717051 42,868722 80,392373
3,621222 56,993437 85,780902
30,261326 51,968030 75,534332
-2,676741 76,965798 70,453807
26,895616 73,727225 59,679014
-63,993477 -78,859242 -75,760259
-84,031427 -80,474243 -72,409762
-82,505264 -86,815337 -61,951210
-61,601912 -83,547833 -67,052898
-81,144277 -88,303231 -55,847431
-62,867894 -86,290608 -58,800982
-83,275725 -93,857483 -45,006366
-59,983684 -88,995164 -50,858553
-78,768830 -98,419931 -32,346184
-53,458687 -91,557496 -40,611511
-81,411512 -97,132177 -19,116557
-51,648336 -91,218835 -26,155404
-94,674243 -95,754289 -7,185269
-60,423927 -90,861137 1,778949
-93,281193 -96,371742 20,694823
-35,000609 -82,161525 39,529684
-73,580812 -89,273643 53,167955
-24,399022 -74,149295 56,977898
-64,146130 -82,522867 68,748951
-22,160953 -69,190198 66,325953
-54,447373 -71,985643 86,407379
-19,675339 -59,778420 77,310993
-51,605724 -53,163565 107,007668
-19,254212 -48,923304 91,583114
-48,590731 -35,616005 119,227019
-17,473625 -31,127162 103,531660
-47,474175 -16,547590 125,470567
-20,954548 -12,074571 113,271471
-50,754591 1,222833 126,845670
-23,467524 4,098876 115,906034
-51,937485 12,112306 124,838291
-24,563762 15,545723 114,015161
-54,546069 28,733228 119,595849
-25,684339 31,640726 110,181187
-104,129272 -82,301966 -69,264837
-123,986806 -84,981289 -67,063295
-124,624334 -89,854885 -59,464163
-103,987476 -87,419067 -60,390088
-123,550492 -94,214252 -50,914849
-106,060295 -92,486990 -51,918553
-124,738008 -102,910906 -37,361907
-106,890071 -100,900572 -37,138883
-125,052636 -110,764821 -25,642406
-105,715424 -106,519179 -22,755729
-126,763346 -115,448623 -13,469630
-108,792045 -104,206517 -14,105218
-133,683418 -116,742789 0,715203
-116,541833 -101,623492 2,422980
-131,157965 -109,127745 17,416588
-108,733699 -98,834780 18,007445
-122,609411 -101,324393 31,583396
-102,811893 -97,789508 31,719086
-116,627558 -92,735354 49,595579
-96,748222 -89,628748 57,640341
-118,762815 -84,516428 66,876729
-91,527458 -82,190205 73,066846
-116,844951 -73,394834 84,568389
-85,711483 -65,492961 101,730877
-106,724583 -44,623080 115,822704
-84,908709 -39,303606 123,344208
-105,239985 -28,693471 122,456544
-83,901029 -20,790226 129,476721
-107,455488 -14,277522 124,620596
-80,631052 -5,346553 131,299116
-109,341779 -0,534552 120,990603
-79,010170 7,934813 127,381228
80,435838 -19,767921 65,980426
81,288278 -9,773267 72,545875
41,586041 -74,498400 -97,716040
44,618586 -82,753146 -86,223775
46,952171 -83,529288 -81,400964
49,456983 -85,039139 -73,082607
52,727886 -87,310878 -58,957620
56,021893 -87,599184 -45,567469
64,304318 -80,843039 -17,426057
66,823025 -76,868913 -6,536475
72,919125 -65,638056 13,331822
75,629396 -58,560430 23,697676
77,851507 -50,843080 34,328357
79,477158 -42,372068 44,644918
81,876030 -33,517712 55,513328
89,308712 78,063067 48,522898
69,435741 76,345198 51,725346
49,696907 33,728460 75,999391
50,459522 44,244014 77,179578
50,107652 54,017482 74,083874
49,562890 74,627292 54,927725
52,362042 22,239643 76,923584
61,521441 -19,387586 57,963943
54,839931 1,253651 71,255365
53,097973 13,063529 73,916060
-26,783459 39,253444 112,282014
-29,989771 53,866937 105,470312
-81,428372 24,898058 120,359995
149,415959 9,894588 11,606640
149,090587 58,334876 46,296430
144,662736 50,017584 48,944416
140,493575 53,600361 55,066561
-134,869672 -86,576075 -65,987814
-134,134538 -91,031752 -58,261454
-134,320798 -95,162462 -49,982000
-132,520680 -104,981346 -36,131385
-133,292741 -112,987345 -26,190996
-137,282720 -121,314661 -9,472460
-143,636934 -119,888443 5,855955
-141,931223 -109,213117 22,879458
-143,888467 -91,592749 44,256883
-141,669918 -83,897712 54,882914
-141,149839 -78,755667 64,634417
-137,882759 -70,850546 79,396967
-136,285497 -58,047951 95,094856
-138,208488 -41,787733 102,569088
-134,825170 -25,688057 106,976827
-133,338126 -13,303592 110,295147
-155,427481 -88,759863 -63,096778
-154,345827 -92,602486 -55,982048
-154,653942 -96,599910 -48,249564
-154,440410 -104,582478 -39,154119
-161,317727 -116,937428 -15,372904
-161,387067 -118,590897 7,048304
-158,123407 -110,708080 21,806270
-158,248973 -97,017150 37,498184
-157,488579 -86,660678 50,942302
-155,676135 -82,566625 58,936934
-148,373865 -77,343842 69,064287
-144,389024 -71,210860 80,153198
-145,866206 -57,843371 95,436798
-150,788227 -42,405068 103,379354
-152,354574 -24,733527 106,798945
-152,203137 -15,430706 108,426269
-152,083350 -10,918126 107,024610
-135,927622 -4,007991 108,188569
-97,482623 20,511654 118,551128
-114,489613 11,871341 114,680233
-108,456579 13,630782 116,239000
-179,429361 -90,917707 -59,315109
-179,175041 -96,228819 -51,936553
-179,315587 -99,184875 -46,462576
-179,219627 -106,933157 -35,439710
-176,586802 -118,111243 -12,861192
-174,186723 -118,786433 11,698710
-177,248034 -110,025908 29,924979
-175,393463 -98,284613 44,700152
-171,154547 -89,746524 55,712093
-163,706912 -83,480035 63,586500
-156,534969 -78,140917 73,140387
-154,291128 -73,108350 84,980141
-159,875284 -55,649489 104,020961
-165,227888 -35,567658 113,191429
-166,396397 -18,309021 118,290014
-167,263759 -10,436492 118,861723
-168,131065 -2,564004 119,433375
-215,786571 -96,641465 -56,132755
-217,704628 -99,273601 -52,095273
-217,389566 -104,732388 -43,644792
-215,560670 -110,697116 -33,786766
-213,586727 -116,718764 -20,917549
-209,806517 -121,402224 -1,330731
-203,442548 -117,768697 22,789001
-192,447202 -104,582104 46,967439
-188,991663 -97,192086 55,399185
-187,454585 -92,924731 59,809205
-182,586300 -83,092142 72,816264
-178,215856 -75,398046 84,806410
-175,745983 -68,031417 94,083069
-172,257498 -53,089976 106,799117
-174,324676 -29,608988 120,384808
-181,683575 -8,698082 135,737034
-241,880061 -102,004115 -55,149940
-242,113747 -102,914632 -51,252917
-241,290043 -106,166853 -39,272047
-239,402506 -111,645298 -31,783508
-238,988907 -118,414442 -19,986178
-234,381185 -122,329189 -4,691374
-228,011456 -120,421209 10,368295
-217,806919 -112,317968 33,483760
-208,404227 -100,050916 51,629883
-204,433988 -87,698566 64,869071
-202,930192 -79,094268 74,638663
-195,025176 -72,675744 84,292237
-190,353538 -60,437956 100,404428
-186,744477 -48,390982 112,412216
-186,092399 -27,721428 125,919506
-191,396598 -10,225570 138,767889
-198,951475 7,480782 152,169430
-193,108488 9,998526 150,242939
-262,904682 -92,976928 -40,515985
-269,736743 -90,324061 -36,051551
-266,928152 -104,091784 -21,354129
-256,805350 -111,930124 -26,128550
-264,685741 -108,424406 -8,108763
-256,738463 -116,231796 -14,259013
-261,961143 -106,759655 2,171913
-250,994396 -116,402415 -3,254888
-257,738648 -103,649146 13,077662
-244,457398 -116,135498 10,760784
-253,948524 -97,959538 23,471029
-240,426341 -107,942722 23,579002
-246,767792 -88,121977 43,388710
-234,359246 -93,265341 44,293957
-238,961527 -74,999040 64,550169
-226,120585 -82,131072 63,030068
-233,606224 -68,567257 76,037238
-219,683697 -75,022837 76,285001
-226,157680 -62,222067 86,381350
-213,466060 -68,406758 86,362970
-220,047679 -49,103507 103,018483
-206,603305 -54,154689 105,559307
-218,250151 -33,986823 116,154187
-204,685058 -41,932464 117,986817
-218,860943 -15,822125 128,119126
-205,561912 -21,916969 132,913031
-219,884696 -1,302885 137,443456
-207,879076 -6,428536 141,524459
-221,904230 6,924849 142,981080
-212,425322 3,095865 148,548139
-280,686095 -86,638429 -29,483569
-280,158380 -99,643839 -15,475767
-275,635739 -100,254197 -4,306512
-273,407340 -98,073092 3,759942
-269,877322 -94,055567 13,803769
-267,488063 -87,979380 23,390474
-261,444019 -78,881700 39,037778
-253,061573 -70,565533 59,529940
-245,869284 -62,380223 72,878975
-240,290134 -51,465934 85,991236
-233,506323 -38,639355 100,562826
-228,139257 -28,171420 113,006917
-227,390604 -12,458375 124,071170
-229,277014 -1,613457 131,454561
-231,215013 7,983374 139,151887
-280,866308 -78,429601 -20,925770
-278,167614 -85,047536 -8,648995
-276,578335 -84,150295 -2,621365
-275,066172 -81,032354 4,571385
-272,440038 -78,057288 11,505245
-271,252035 -73,280612 16,699620
-267,346259 -64,976764 28,966286
-260,627833 -55,286011 47,082818
-255,081739 -48,326834 61,713322
-248,474046 -41,255592 77,978491
-243,863166 -31,943425 87,858751
-233,473399 -16,191819 106,027558
-189,390403 13,716512 144,156988
-176,837911 5,056739 130,002323
-184,659652 17,450134 137,242478
-204,909082 4,334623 151,493368
-230,151894 23,847207 163,722424
-220,920368 20,262611 168,191053
-233,426133 13,107562 145,213105
-231,286433 13,873769 148,611061
-206,678769 41,945245 157,974823
-198,793863 37,333580 145,240988
-193,973404 32,360489 142,323042
-201,210825 36,365979 160,321292
-198,143389 27,463180 154,385426
-207,539717 59,900938 188,434309
-213,424920 62,725122 187,960009
-215,417002 54,760404 178,455221
-207,822075 51,736334 178,499631
-213,440135 71,035292 222,555158
-217,278417 64,482781 213,170410
-221,184942 65,643563 213,079337
-218,295111 71,341042 224,308593
-199,358148 70,664742 215,036523
-204,988033 64,836811 206,224238
-210,507157 65,890114 207,700208
-206,814870 70,610759 217,276973
-197,938756 75,671652 210,389102
-203,510566 68,455909 202,462644
-218,094320 74,518096 226,275878
-218,425303 78,403328 230,983103
-213,183967 78,313135 227,959813
-212,593059 81,728114 228,661904
-194,776627 80,048499 239,112777
-187,213210 80,569757 234,488578
-190,389983 77,437997 231,346297
-200,154742 76,704220 232,693776
-185,416185 82,152361 248,642920
-179,118978 84,123461 240,940716
-176,341550 88,619947 254,982453
-170,861542 88,880796 250,148666
-196,457516 84,975668 251,139646
-192,484717 89,259992 256,861175
-202,062878 81,824141 241,155273
-205,861394 79,391634 235,240348
-184,388508 84,636442 230,538536
-177,764668 87,875761 236,632486
-187,300038 81,164477 226,017682
-184,891357 86,423647 222,450356
-193,284033 81,178891 215,627488
-193,649116 77,678846 221,015825
-206,353420 86,236171 243,178719
-209,001695 83,113014 236,841320
-201,245588 89,925965 250,954425
-201,074283 76,928349 223,710123
-193,649116 77,678846 221,015825
-193,284033 81,178891 215,627488
-197,938756 75,671652 210,389102
-199,358148 70,664742 215,036523
-210,507157 65,890114 207,700208
-213,829055 65,204642 209,049656
-210,522756 69,622258 221,566202
-206,814870 70,610759 217,276973
-217,278417 64,482781 213,170410
-213,440135 71,035292 222,555158
-221,084163 86,848081 224,387927
-218,425303 78,403328 230,983103
-218,094320 74,518096 226,275878
-221,737544 80,026722 219,788638
-213,839783 87,876202 226,118734
-212,593059 81,728114 228,661904
-210,994512 92,137596 232,690158
-209,001695 83,113014 236,841320
-212,593059 81,728114 228,661904
-213,839783 87,876202 226,118734
-191,786712 103,818932 244,854123
-192,484717 89,259992 256,861175
-201,245588 89,925965 250,954425
-202,091257 101,655285 244,759481
-209,723200 96,221022 238,328789
-206,353420 86,236171 243,178719
-208,719444 91,229240 218,407137
-213,839783 87,876202 226,118734
-221,084163 86,848081 224,387927
-220,104227 91,005446 218,417667
-213,839783 87,876202 226,118734
-208,719444 91,229240 218,407137
-206,200657 100,614082 223,849966
-210,994512 92,137596 232,690158
-204,512591 106,260453 230,384013
-209,723200 96,221022 238,328789
-199,914776 111,111511 233,025149
-202,091257 101,655285 244,759481
-191,057787 112,247066 233,188955
-191,786712 103,818932 244,854123
-182,590975 111,128339 232,889268
-183,342669 103,413690 244,127025
-218,407176 84,815627 212,216125
-220,104227 91,005446 218,417667
-221,084163 86,848081 224,387927
-221,737544 80,026722 219,788638
-223,361101 70,862916 209,908630
-222,137517 72,687370 203,315803
-206,814870 70,610759 217,276973
-201,074283 76,928349 223,710123
-193,649116 77,678846 221,015825
-199,358148 70,664742 215,036523
-200,154742 76,704220 232,693776
-190,389983 77,437997 231,346297
-201,074283 76,928349 223,710123
-206,287941 76,299560 227,182623
-206,814870 70,610759 217,276973
-210,522756 69,622258 221,566202
-206,287941 76,299560 227,182623
-201,074283 76,928349 223,710123
-213,440135 71,035292 222,555158
-209,301905 77,154549 228,056867
-205,861394 79,391634 235,240348
-200,154742 76,704220 232,693776
-206,287941 76,299560 227,182623
-209,301905 77,154549 228,056867
-209,001695 83,113014 236,841320
-212,593059 81,728114 228,661904
-212,593059 81,728114 228,661904
-209,301905 77,154549 228,056867
-213,183967 78,313135 227,959813
-213,440135 71,035292 222,555158
-218,094320 74,518096 226,275878
-218,295111 71,341042 224,308593
-221,737544 80,026722 219,788638
-221,184942 65,643563 213,079337
-223,361101 70,862916 209,908630
-187,902071 90,560932 219,200126
-196,753088 84,540385 213,526486
-193,284033 81,178891 215,627488
-184,891357 86,423647 222,450356
-196,753088 84,540385 213,526486
-202,941842 77,356374 205,744138
-197,938756 75,671652 210,389102
-193,284033 81,178891 215,627488
-184,388508 84,636442 230,538536
-183,184930 89,240891 225,234303
-184,891357 86,423647 222,450356
-187,300038 81,164477 226,017682
-170,861542 88,880796 250,148666
-168,747050 89,688127 244,954402
-177,764668 87,875761 236,632486
-179,118978 84,123461 240,940716
-166,072602 97,362464 241,286536
-175,452652 92,576883 232,950371
-172,939193 105,889213 231,347547
-178,433501 99,305169 226,007813
-183,836487 93,364575 223,303110
-187,902071 90,560932 219,200126
-213,344974 85,557443 208,198232
-208,719444 91,229240 218,407137
-220,104227 91,005446 218,417667
-218,407176 84,815627 212,216125
-207,289293 81,112222 205,170334
-202,579643 87,964702 212,568043
-202,941842 77,356374 205,744138
-196,753088 84,540385 213,526486
-215,349690 73,211179 199,456079
-212,390207 74,049322 199,020584
-205,477782 71,435265 201,173790
-202,579643 87,964702 212,568043
-197,776642 98,770608 218,459090
-206,200657 100,614082 223,849966
-208,719444 91,229240 218,407137
-196,753088 84,540385 213,526486
-187,902071 90,560932 219,200126
-193,638402 104,889955 223,960889
-204,512591 106,260453 230,384013
-183,836487 93,364575 223,303110
-222,137517 72,687370 203,315803
-215,349690 73,211179 199,456079
-213,344974 85,557443 208,198232
-218,407176 84,815627 212,216125
-199,914776 111,111511 233,025149
-204,512591 106,260453 230,384013
-193,638402 104,889955 223,960889
-191,057787 112,247066 233,188955
-178,433501 99,305169 226,007813
-183,836487 93,364575 223,303110
-182,590975 111,128339 232,889268
-172,939193 105,889213 231,347547
-183,342669 103,413690 244,127025
-166,072602 97,362464 241,286536
-176,341550 88,619947 254,982453
-192,484717 89,259992 256,861175
-191,786712 103,818932 244,854123
-187,300038 81,164477 226,017682
-193,649116 77,678846 221,015825
-201,074283 76,928349 223,710123
-168,747050 89,688127 244,954402
-170,861542 88,880796 250,148666
-202,941842 77,356374 205,744138
-205,477782 71,435265 201,173790
-203,510566 68,455909 202,462644
-197,938756 75,671652 210,389102
-207,712936 55,081777 197,149639
-212,835817 54,331849 198,739973
-210,507157 65,890114 207,700208
-204,988033 64,836811 206,224238
-225,480066 59,058687 197,154840
-227,613573 61,048344 195,034005
-223,361101 70,862916 209,908630
-221,184942 65,643563 213,079337
-218,767597 55,902547 198,601297
-217,278417 64,482781 213,170410
-213,829055 65,204642 209,049656
-205,122205 56,948564 192,101311
-222,137517 72,687370 203,315803
-223,539572 62,394587 191,372174
-215,349690 73,211179 199,456079
-219,962164 63,156464 190,760179
-212,390207 74,049322 199,020584
-213,424920 62,725122 187,960009
-207,539717 59,900938 188,434309
-233,995908 15,276139 132,304789
-231,215013 7,983374 139,151887
-229,277014 -1,613457 131,454561
-230,939483 3,622931 125,070124
-227,390604 -12,458375 124,071170
-228,139257 -28,171420 113,006917
-233,473399 -16,191819 106,027558
-229,943262 -7,477315 116,609672
-243,863166 -31,943425 87,858751
-245,449768 -30,107109 83,103491
-267,346259 -64,976764 28,966286
-271,252035 -73,280612 16,699620
-266,214199 -64,929866 16,398785
-264,206278 -58,516399 21,809318
-260,627833 -55,286011 47,082818
-261,046284 -48,511547 35,263585
-255,081739 -48,326834 61,713322
-256,986218 -40,168931 53,037624
-248,474046 -41,255592 77,978491
-251,559563 -35,039898 67,855177
-270,463879 -50,053341 5,891789
-272,660087 -55,336065 0,964354
-278,167614 -85,047536 -8,648995
-280,866308 -78,429601 -20,925770
-273,381572 -72,395258 -16,545196
-276,578335 -84,150295 -2,621365
-275,066172 -81,032354 4,571385
-273,098607 -66,603367 -10,609932
-272,440038 -78,057288 11,505245
-273,083898 -59,546875 -3,295996
-266,999860 6,688232 71,124274
-270,906115 6,383413 72,527519
-268,353653 19,894773 86,972004
-267,187073 15,467860 81,313624
-265,891925 23,648108 90,419719
-266,956469 31,483989 99,967965
-263,103306 33,173240 97,676477
-266,445801 42,033727 109,826583
-261,083366 38,819636 101,053295
-270,621380 51,152696 118,512935
-258,279117 54,094196 101,069956
-263,761375 62,188473 109,822117
-274,447589 62,444864 125,200424
-271,803112 70,306646 120,363980
-273,632947 6,466606 71,311746
-273,515600 16,323301 84,777323
-274,666806 23,601764 94,209017
-275,358098 34,572228 108,757326
-275,946940 44,548810 119,327985
-281,556025 52,781730 127,511343
-286,459768 60,816066 136,119901
-276,328050 5,836700 70,521538
-279,674332 15,481283 84,731993
-281,187880 21,275045 95,726707
-281,339843 29,363927 106,346418
-282,886490 40,595163 117,436498
-289,799013 51,421957 131,492762
-291,901830 62,710936 142,720998
-280,366884 9,303142 77,217149
-284,199480 16,738828 87,891632
-285,815848 24,733322 100,052365
-291,211439 33,384927 108,921077
-292,275055 48,384706 127,592007
-297,501702 59,847803 143,271618
-283,493373 7,734812 72,581910
-289,204470 21,442934 95,080098
-297,951644 35,263032 107,800089
-296,230077 44,387106 120,729426
-299,364211 54,478047 135,608038
-303,917022 60,145909 146,618791
-286,761587 9,842108 70,742700
-293,257033 22,323320 88,190953
-299,205449 34,651198 103,004759
-302,986710 49,829765 122,956108
-306,274551 58,859966 140,061146
-305,975315 64,345110 151,182993
-284,931769 15,255338 63,646922
-290,905810 31,052085 79,312116
-299,519664 40,188682 97,023995
-300,725516 54,382537 108,153647
-303,132798 60,890034 125,053997
-304,133364 68,991322 142,053433
-284,065692 18,951964 65,592445
-287,600848 37,619281 80,176109
-293,799684 55,750083 96,460422
-297,016958 68,095858 114,964570
-299,501903 68,453262 126,719029
-302,234690 69,161383 139,827433
-281,247567 27,712970 70,788045
-283,241794 46,267232 81,918936
-286,830639 58,939649 96,290706
-289,290128 68,817215 111,573403
-293,785822 71,109646 124,223656
-300,245003 69,989778 140,192362
-272,658633 24,729186 70,014016
-274,077833 43,201290 80,996733
-276,038057 52,800416 88,699486
-285,561325 67,099875 105,397679
-282,147531 71,324148 117,386170
-285,835644 71,323496 131,748001
-292,295069 70,419245 137,917844
-281,712780 -5,703138 52,368205
-280,299421 -7,626243 54,149066
-280,062902 -24,095095 39,768967
-281,293311 -21,875750 37,828009
-283,640542 -40,041073 24,551536
-284,981039 -37,616050 22,430056
-289,087749 -63,145162 2,379962
-290,543503 -60,520496 0,073000
-290,011333 -84,633243 -19,250362
-291,596287 -81,898344 -21,831934
-281,502781 -98,049760 -34,875790
-283,144027 -95,374759 -37,926780
-268,019700 -105,146898 -45,195720
-269,425031 -102,577582 -48,836701
-253,674402 -106,407078 -49,678640
-254,839714 -103,707703 -53,666456
-277,406404 -8,875059 55,152087
-277,768769 -25,744353 40,815380
-281,144419 -41,843735 25,696765
-286,375739 -65,084293 3,637897
-287,044960 -86,465054 -17,636278
-278,481489 -99,309055 -32,373224
-265,741714 -105,708824 -41,475012
-252,150999 -106,915539 -45,404789
-273,808728 -9,114926 55,108498
-275,025391 -26,381720 40,686880
-278,161402 -42,541041 25,558967
-283,133707 -65,818601 3,509917
-283,491916 -86,903008 -17,421977
-274,889571 -98,815404 -31,089446
-263,201283 -104,112837 -38,671447
-270,470101 -8,281775 54,030129
-272,567543 -25,836642 39,417989
-275,490260 -41,946378 24,175233
-280,230250 -65,151386 2,030293
-280,303710 -85,829909 -18,664787
-271,688927 -96,700863 -31,368351
-261,078863 -100,786508 -37,535806
-268,284655 -6,598651 52,205746
-271,053672 -24,254969 37,348362
-273,846560 -40,218862 21,915920
-278,442918 -63,261372 -0,404709
-278,334292 -83,533112 -21,031983
-269,737014 -93,532054 -33,135149
-259,942940 -96,620624 -38,372451
-267,837805 -4,516469 50,124081
-270,889128 -22,060441 35,032674
-273,672042 -37,815712 19,380957
-278,252042 -60,648518 -3,148759
-278,112899 -80,621179 -23,895894
-269,736743 -90,324061 -36,051551
-260,099652 -92,723438 -40,964534
-269,249248 -2,592783 48,342499
-272,118139 -19,840817 33,090905
-275,014103 -35,391070 17,260410
-272,140875 -1,343051 47,338488
-274,411331 -18,190575 32,043218
-277,511293 -33,589400 16,116479
-275,738231 -1,101874 47,380735
-277,154577 -17,551910 32,170411
-280,494534 -32,893536 16,255738
-279,077766 -1,933975 48,458081
-279,613178 -18,095654 33,438160
-283,164771 -33,489571 17,640724
-281,264887 -3,616238 50,281813
-281,128466 -19,676405 35,507133
-284,806921 -35,218091 19,900665
-268,284655 -6,598651 52,205746
-270,470101 -8,281775 54,030129
-270,906115 6,383413 72,527519
-266,999860 6,688232 71,124274
-277,406404 -8,875059 55,152087
-286,761587 9,842108 70,742700
-283,493373 7,734812 72,581910
-280,366884 9,303142 77,217149
-276,328050 5,836700 70,521538
-273,808728 -9,114926 55,108498
-273,632947 6,466606 71,311746
-280,299421 -7,626243 54,149066
-281,712780 -5,703138 52,368205
-272,140875 -1,343051 47,338488
-272,658633 24,729186 70,014016
-281,247567 27,712970 70,788045
-275,738231 -1,101874 47,380735
-279,077766 -1,933975 48,458081
-284,065692 18,951964 65,592445
-284,931769 15,255338 63,646922
-281,264887 -3,616238 50,281813
-269,249248 -2,592783 48,342499
-267,837805 -4,516469 50,124081
-260,354611 21,716277 74,422959
-265,891925 23,648108 90,419719
-263,103306 33,173240 97,676477
-276,038057 52,800416 88,699486
-274,077833 43,201290 80,996733
-258,279117 54,094196 101,069956
-261,083366 38,819636 101,053295
-282,147531 71,324148 117,386170
-274,447589 62,444864 125,200424
-285,835644 71,323496 131,748001
-285,561325 67,099875 105,397679
-263,761375 62,188473 109,822117
-271,803112 70,306646 120,363980
-286,459768 60,816066 136,119901
-291,901830 62,710936 142,720998
-303,917022 60,145909 146,618791
-304,133364 68,991322 142,053433
-297,501702 59,847803 143,271618
-292,295069 70,419245 137,917844
-300,245003 69,989778 140,192362
-302,234690 69,161383 139,827433
-305,975315 64,345110 151,182993
-263,201283 -104,112837 -38,671447
-241,290043 -106,166853 -39,272047
-252,150999 -106,915539 -45,404789
-242,113747 -102,914632 -51,252917
-241,880061 -102,004115 -55,149940
-254,839714 -103,707703 -53,666456
-253,674402 -106,407078 -49,678640
-256,805350 -111,930124 -26,128550
-239,402506 -111,645298 -31,783508
-146,085431 52,374011 126,672844
-147,248717 59,035629 134,989109
-145,573323 61,998821 131,844780
-143,722880 56,552599 122,238906
-151,178273 48,256268 129,886202
-150,860273 56,115508 137,267830
-157,682449 52,642812 131,168218
-155,472627 59,226199 138,176998
-161,420177 55,365090 129,583623
-158,123223 61,156706 137,053253
-160,322867 60,584059 126,922932
-157,345123 64,857706 135,166440
-155,732839 62,568666 122,670827
-154,090077 66,265100 132,151120
-148,079501 60,837241 122,410704
-148,662749 65,037272 131,966649
-178,369629 47,830668 137,689323
-180,579750 55,155080 144,735860
-180,125312 58,803984 143,338696
-177,728849 52,976208 135,719180
-183,164564 44,637911 139,217683
-183,980060 52,890981 145,819685
-189,516283 45,416987 140,217161
-188,484366 53,443428 146,528406
-193,060178 46,596868 140,057475
-190,997463 54,280171 146,415186
-194,161824 50,669663 138,820901
-191,778678 57,168362 145,538265
-193,206077 54,060830 136,352897
-191,100904 59,573180 143,788104
-189,176016 56,887186 134,299206
-188,243008 61,577466 142,331769
-181,932659 56,335863 134,393874
-183,106455 61,186528 142,398913
-148,616048 69,377831 136,081686
-153,910196 70,575517 136,261581
-157,085328 69,202683 139,202949
-157,844352 65,592492 141,043447
-155,258794 63,709348 142,139594
-150,759603 60,675013 141,252825
-147,236664 63,523432 139,029972
-145,602374 66,413945 135,962832
-180,565826 63,218051 147,408075
-183,473801 65,542097 146,491289
-188,484352 65,923444 146,425836
-191,272084 63,968386 147,846464
-191,933236 61,622571 149,553693
-191,171177 58,805171 150,409066
-188,719696 57,989026 150,519512
-184,325922 57,450105 149,828110
-181,009061 59,658700 148,770920
-151,717245 68,743038 141,496905
-185,830236 64,348773 151,091117
265,456572 -94,520740 -117,216217
267,178249 -93,612082 -117,436054
268,033795 -93,375533 -119,238010
266,805250 -95,011228 -120,043091
265,302044 -96,449067 -118,669538
263,717411 -96,597733 -117,563435
268,883684 -88,314365 -123,495987
267,155139 -94,072939 -124,659760
268,427331 -88,789634 -119,245060
265,478549 -90,491435 -115,970316
260,940365 -93,166603 -115,463801
259,109761 -96,812040 -116,789136
261,072414 -98,927521 -119,891102
265,239820 -97,637048 -122,987043
261,849241 -92,121127 -113,384960
260,940365 -93,166603 -115,463801
259,109761 -96,812040 -116,789136
255,318789 -93,521073 -113,664549
265,239820 -97,637048 -122,987043
264,921169 -98,655054 -125,165109
259,963801 -100,618229 -119,858489
261,072414 -98,927521 -119,891102
267,155139 -94,072939 -124,659760
268,883684 -88,314365 -123,495987
268,117070 -94,299414 -126,096050
266,673196 -89,250356 -115,615835
265,478549 -90,491435 -115,970316
269,005749 -86,748603 -118,717500
268,427331 -88,789634 -119,245060
261,327625 -89,770724 -112,219620
264,753701 -87,957789 -112,623474
267,935410 -85,598969 -114,191573
268,506894 -84,397131 -117,556012
269,439210 -85,463863 -122,880372
265,935359 -95,314740 -128,782643
263,203534 -98,388232 -128,214203
269,608458 -90,847969 -126,842860
260,911270 -99,305431 -127,913283
257,847089 -100,923225 -125,440844
256,186640 -99,801008 -120,815758
256,111161 -103,018071 -125,773884
254,081141 -101,627423 -119,793877
260,017398 -102,382371 -130,604587
263,219698 -100,847475 -132,278427
267,653416 -96,073716 -132,964448
271,503929 -90,488134 -129,659443
273,140228 -85,469946 -125,631544
270,644800 -82,208111 -121,903002
269,366941 -82,525305 -115,399454
266,503004 -83,833762 -111,649836
262,791032 -85,842308 -109,521598
259,152705 -89,136273 -110,930055
273,436942 -83,259670 -126,733014
273,559428 -86,181940 -130,431560
272,357029 -79,271344 -121,478376
270,964818 -80,347511 -115,864980
265,534680 -80,786498 -109,470601
262,329210 -82,303536 -107,810951
255,416051 -85,464170 -107,376309
251,570270 -87,024913 -109,399783
271,649428 -90,224034 -132,199979
269,050237 -94,172853 -134,703666
263,390138 -100,567817 -134,805059
260,268521 -103,359430 -132,860249
256,339335 -103,185754 -127,941481
252,466304 -100,659082 -120,240255
254,241670 -94,021126 -113,114689
249,736500 -100,836604 -120,655861
251,980513 -104,391666 -129,440533
256,684687 -103,072066 -136,432250
259,642191 -99,370177 -139,101761
265,651150 -92,419548 -140,249432
269,867768 -86,274105 -138,229214
272,906174 -82,558607 -133,315996
274,142515 -79,305483 -128,538234
251,310153 -92,518364 -112,468433
254,109423 -95,430310 -146,162173
248,984209 -101,351034 -142,949530
262,804294 -86,987437 -145,109573
269,534200 -81,249962 -142,303097
273,569240 -76,588181 -138,294876
276,627301 -74,889948 -130,204266
276,557339 -71,936891 -122,705615
276,292486 -72,496808 -113,859620
270,195292 -70,849397 -103,759375
267,001828 -71,194742 -101,564593
259,470400 -73,095288 -97,501657
254,261748 -75,351637 -97,251145
247,131786 -81,628627 -102,587273
242,723667 -87,689557 -109,202608
241,967898 -90,849396 -111,095401
240,039032 -97,713008 -117,375144
240,662275 -102,636393 -125,606235
243,842020 -104,780108 -135,669177
265,887280 -71,356188 -150,702803
256,536208 -77,732799 -154,985324
274,419250 -72,337505 -142,637099
279,967627 -69,427317 -133,588075
281,653144 -65,586187 -122,494659
284,668120 -60,568982 -110,262373
246,877994 -76,973637 -95,711034
252,379333 -72,871900 -93,709772
243,977703 -80,772079 -99,825699
238,435983 -85,232724 -102,306007
236,693264 -88,977347 -106,615204
234,325474 -93,111613 -111,272309
233,387830 -99,025580 -118,488985
245,451417 -84,556789 -159,299326
239,513323 -94,475879 -154,957437
237,067613 -100,889767 -150,131931
232,874667 -106,925183 -137,785380
228,741527 -102,540023 -129,435369
284,709804 -58,557027 -105,839182
281,711585 -54,119108 -97,679964
269,921302 -58,878616 -91,499249
257,777485 -68,324909 -92,059806
285,563268 -65,045331 -137,906065
274,475863 -66,342779 -147,644391
287,995267 -58,191567 -142,560785
292,540764 -59,871683 -133,921256
291,146769 -55,885909 -140,955013
291,346570 -60,653009 -127,048336
291,634985 -59,172482 -121,443225
290,908494 -57,004117 -110,970840
289,284988 -54,694558 -105,796717
287,706163 -48,354720 -99,380534
287,770688 -47,152285 -95,045342
272,600947 -55,376030 -88,640234
257,010668 -63,315222 -84,659102
251,223547 -67,612651 -84,936094
243,355722 -74,195608 -87,650317
236,796461 -80,464004 -93,067595
234,167627 -85,253035 -99,459485
232,226892 -89,292500 -105,028206
231,074403 -93,820199 -109,520808
304,704311 -52,442697 -130,183275
302,296368 -48,621487 -136,200159
303,392679 -53,965091 -124,214574
301,976707 -54,199341 -118,509580
299,664132 -53,022149 -110,791124
297,387255 -50,289490 -105,908789
296,327859 -47,125183 -100,759972
296,090179 -44,929485 -97,947901
311,091699 -51,307194 -123,590907
314,255938 -51,342357 -122,446347
313,879686 -48,712922 -127,576051
310,088332 -49,892521 -129,170479
309,782169 -52,004509 -117,520304
308,486958 -51,515587 -110,896790
314,279162 -51,692038 -115,306933
306,045984 -47,872654 -106,739069
313,407767 -50,279915 -109,525035
307,858186 -46,588893 -102,697567
313,683318 -45,942936 -103,205383
308,382247 -45,395030 -134,371206
301,996675 -44,762114 -98,104032
319,407039 -49,449290 -123,140198
323,945132 -46,774080 -123,646834
325,345203 -44,891071 -125,371785
320,444985 -46,950803 -126,849328
329,573691 -41,569640 -124,062542
327,288484 -35,197055 -128,508088
323,428600 -39,058376 -131,551030
327,747708 -44,390428 -121,513655
318,558826 -41,472027 -132,840210
312,553222 -43,918622 -133,880106
318,946539 -50,289411 -115,535959
322,894523 -47,641617 -115,943436
328,067590 -41,719335 -115,391477
331,071870 -36,468554 -120,833241
327,732407 -31,808827 -125,103652
329,269222 -30,406760 -115,686943
326,006342 -27,403743 -120,102959
327,733482 -27,385894 -113,412435
325,211670 -24,587304 -116,982720
327,733482 -27,385894 -113,412435
325,710909 -25,648198 -110,771529
323,150183 -22,687839 -114,497746
325,211670 -24,587304 -116,982720
328,054254 -29,553537 -108,623977
325,159754 -26,863475 -107,428651
329,671416 -33,053030 -110,546857
328,054254 -29,553537 -108,623977
327,733482 -27,385894 -113,412435
329,269222 -30,406760 -115,686943
319,846624 -40,264219 -100,307075
319,281719 -36,280228 -98,947881
324,980543 -32,343407 -102,914574
326,461840 -35,745416 -105,618217
321,857505 -39,988301 -102,321262
329,935289 -36,886594 -113,516994
327,918070 -38,352401 -108,251517
324,980543 -32,343407 -102,914574
318,615652 -29,800394 -101,117830
325,159754 -26,863475 -107,428651
328,054254 -29,553537 -108,623977
313,662322 -30,588135 -99,080187
319,281719 -36,280228 -98,947881
326,461840 -35,745416 -105,618217
327,918070 -38,352401 -108,251517
323,682118 -42,020879 -106,221749
321,857505 -39,988301 -102,321262
319,361239 -46,878311 -108,505643
313,683318 -45,942936 -103,205383
318,360857 -48,681645 -111,478365
313,407767 -50,279915 -109,525035
318,946539 -50,289411 -115,535959
314,279162 -51,692038 -115,306933
327,918070 -38,352401 -108,251517
329,935289 -36,886594 -113,516994
325,555864 -37,268535 -114,910348
323,682118 -42,020879 -106,221749
322,779766 -38,676183 -114,144491
318,360857 -48,681645 -111,478365
319,361239 -46,878311 -108,505643
322,115446 -40,267667 -115,059169
319,812170 -43,199453 -115,381126
318,946539 -50,289411 -115,535959
322,894523 -47,641617 -115,943436
328,067590 -41,719335 -115,391477
331,071870 -36,468554 -120,833241
307,471154 -31,794039 -97,287597
313,662322 -30,588135 -99,080187
319,281719 -36,280228 -98,947881
314,431702 -38,323672 -96,643142
308,810063 -38,678146 -94,843879
305,961306 -37,607119 -93,824563
314,870642 -41,053019 -98,265691
319,846624 -40,264219 -100,307075
315,392253 -43,403467 -99,431076
321,857505 -39,988301 -102,321262
313,683318 -45,942936 -103,205383
309,791137 -44,581914 -97,737589
307,858186 -46,588893 -102,697567
301,996675 -44,762114 -98,104032
301,907869 -39,824197 -93,786260
308,762046 -41,880079 -96,015782
308,810063 -38,678146 -94,843879
314,431702 -38,323672 -96,643142
305,961306 -37,607119 -93,824563
298,769756 -40,616357 -95,004695
296,090179 -44,929485 -97,947901
299,583144 -37,093188 -92,668530
302,476707 -34,944519 -92,530034
295,909982 -41,559963 -94,608301
295,588558 -38,089545 -92,081456
294,887776 -27,976088 -93,452429
305,981083 -30,392168 -95,189131
311,559307 -28,404250 -96,794564
313,662322 -30,588135 -99,080187
307,471154 -31,794039 -97,287597
318,202717 -27,898470 -99,569135
318,615652 -29,800394 -101,117830
294,887776 -27,976088 -93,452429
303,327954 -25,030074 -95,436501
305,981083 -30,392168 -95,189131
302,476707 -34,944519 -92,530034
308,986621 -23,488346 -96,686650
311,559307 -28,404250 -96,794564
314,990967 -21,373184 -99,200144
318,202717 -27,898470 -99,569135
287,648098 -43,419522 -91,262461
295,909982 -41,559963 -94,608301
296,090179 -44,929485 -97,947901
287,770688 -47,152285 -95,045342
286,652764 -39,512487 -89,005896
295,588558 -38,089545 -92,081456
290,632301 -31,663443 -91,404584
284,650790 -34,588169 -88,979134
318,615652 -29,800394 -101,117830
318,202717 -27,898470 -99,569135
323,516786 -23,347185 -105,516133
325,159754 -26,863475 -107,428651
325,710909 -25,648198 -110,771529
321,312442 -19,427001 -110,656291
323,150183 -22,687839 -114,497746
323,516786 -23,347185 -105,516133
320,034368 -19,859502 -104,119625
318,146017 -17,197553 -107,553329
321,312442 -19,427001 -110,656291
318,202717 -27,898470 -99,569135
314,990967 -21,373184 -99,200144
312,078195 -15,267495 -104,037040
305,914017 -18,684545 -99,445707
305,782810 -15,584672 -102,795481
308,986621 -23,488346 -96,686650
298,688945 -21,213457 -97,212919
279,664355 -23,273666 -90,747478
276,450615 -17,545413 -97,511572
282,697733 -17,873044 -99,410070
286,084675 -22,267748 -94,711275
303,327954 -25,030074 -95,436501
293,251948 -23,302270 -94,794731
294,887776 -27,976088 -93,452429
287,895502 -25,837263 -92,021372
289,543587 -17,858167 -101,102605
298,892151 -16,056292 -101,565636
290,632301 -31,663443 -91,404584
281,478415 -26,861034 -88,043396
284,650790 -34,588169 -88,979134
268,899268 -22,678183 -87,561419
264,565333 -17,023750 -94,005087
272,417776 -29,371997 -82,533055
251,264904 -23,216888 -79,499683
255,339738 -31,088439 -75,105368
248,194889 -15,624238 -88,468875
273,079170 -36,676530 -84,237272
256,585947 -39,172686 -77,024924
274,548658 -41,265159 -83,721551
286,652764 -39,512487 -89,005896
287,648098 -43,419522 -91,262461
273,851349 -48,900537 -86,505007
258,222259 -54,381500 -78,455866
272,600947 -55,376030 -88,640234
257,010668 -63,315222 -84,659102
258,130395 -46,225536 -76,744975
247,574184 -62,737001 -77,050964
251,223547 -67,612651 -84,936094
243,073607 -54,532900 -73,309849
237,315359 -44,729620 -72,991055
229,802396 -44,268486 -71,644298
235,914689 -38,573651 -72,524787
232,187155 -47,432248 -72,385260
231,726015 -21,768973 -75,123754
231,241898 -14,299875 -82,865245
230,458457 -28,953056 -70,598613
224,548413 -40,020221 -69,862479
234,920937 -62,154403 -74,387489
239,545432 -68,427540 -80,475608
219,984667 -51,592467 -71,971030
228,711442 -56,489771 -74,420592
221,500566 -72,012444 -82,797556
215,432412 -66,448655 -82,017972
226,261318 -74,723135 -83,470077
231,069752 -78,702319 -87,689763
243,355722 -74,195608 -87,650317
236,796461 -80,464004 -93,067595
234,167627 -85,253035 -99,459485
228,529495 -87,618783 -98,315067
232,226892 -89,292500 -105,028206
227,018188 -91,548898 -104,777638
231,074403 -93,820199 -109,520808
226,067737 -94,606320 -111,279782
222,473153 -84,879100 -98,246448
222,905348 -89,258084 -103,845208
216,329961 -82,883031 -95,281809
212,625764 -78,848408 -95,053274
217,119665 -88,702233 -102,770613
212,160907 -86,286429 -103,357572
254,109423 -95,430310 -146,162173
262,804294 -86,987437 -145,109573
256,536208 -77,732799 -154,985324
245,451417 -84,556789 -159,299326
274,419250 -72,337505 -142,637099
274,475863 -66,342779 -147,644391
265,887280 -71,356188 -150,702803
310,088332 -49,892521 -129,170479
313,879686 -48,712922 -127,576051
312,553222 -43,918622 -133,880106
308,382247 -45,395030 -134,371206
320,444985 -46,950803 -126,849328
325,345203 -44,891071 -125,371785
323,428600 -39,058376 -131,551030
318,558826 -41,472027 -132,840210
227,073681 -101,738925 -160,292503
225,806292 -95,733069 -165,993053
216,813620 -99,220678 -167,367766
219,959346 -105,176588 -161,131532
227,907408 -107,461494 -153,435964
219,884325 -107,933854 -158,862212
227,759797 -108,550627 -150,997375
221,024543 -111,084555 -156,428377
208,690866 -100,530151 -166,699658
210,119100 -105,994839 -159,930865
212,048506 -109,666263 -156,424422
212,989718 -112,268867 -155,162321
221,425810 -113,698473 -151,284737
213,700632 -115,528910 -151,834660
227,033591 -110,870257 -149,002043
223,669045 -120,376689 -146,881879
221,425810 -113,698473 -151,284737
213,700632 -115,528910 -151,834660
216,190735 -123,549181 -146,334086
228,142146 -118,411763 -144,492708
227,033591 -110,870257 -149,002043
225,853809 -127,385789 -142,918761
220,421152 -129,109693 -143,853876
230,221473 -124,990282 -140,898722
230,134060 -134,615455 -140,603922
226,647029 -135,963240 -140,573237
234,276582 -130,844482 -139,681786
233,817723 -137,826059 -140,726727
231,119755 -139,694574 -139,623410
237,476457 -134,545665 -139,339800
239,364169 -140,228998 -140,256592
237,152342 -141,592430 -139,600434
241,076381 -137,292231 -139,832056
239,513323 -94,475879 -154,957437
245,451417 -84,556789 -159,299326
230,708897 -92,940406 -164,318880
237,067613 -100,889767 -150,131931
225,806292 -95,733069 -165,993053
227,073681 -101,738925 -160,292503
227,907408 -107,461494 -153,435964
227,759797 -108,550627 -150,997375
227,033591 -110,870257 -149,002043
231,576358 -107,370348 -145,634513
230,959882 -114,992165 -140,835273
231,576358 -107,370348 -145,634513
227,033591 -110,870257 -149,002043
228,142146 -118,411763 -144,492708
232,010834 -122,897001 -136,769220
230,221473 -124,990282 -140,898722
235,397714 -128,317931 -135,790588
234,276582 -130,844482 -139,681786
238,084490 -131,664377 -134,924170
237,476457 -134,545665 -139,339800
242,876782 -133,184408 -135,079545
241,076381 -137,292231 -139,832056
248,063577 -134,957267 -136,575980
246,380704 -138,324064 -140,424150
239,364169 -140,228998 -140,256592
245,742509 -141,553463 -141,496928
237,152342 -141,592430 -139,600434
245,385801 -144,141483 -140,856549
251,456377 -135,049179 -137,568302
252,111307 -138,124544 -141,620718
251,058108 -141,390931 -141,694721
250,649145 -144,255250 -141,442310
256,946661 -134,561034 -140,112028
256,580883 -137,822914 -143,192222
256,036132 -140,586081 -143,719973
255,743457 -143,570382 -142,669189
273,276829 -139,008053 -150,214101
237,067613 -100,889767 -150,131931
227,759797 -108,550627 -150,997375
231,576358 -107,370348 -145,634513
232,874667 -106,925183 -137,785380
232,874667 -106,925183 -137,785380
231,576358 -107,370348 -145,634513
230,959882 -114,992165 -140,835273
231,907163 -111,916886 -134,347320
232,010834 -122,897001 -136,769220
232,515622 -118,760096 -132,620699
235,622925 -127,197384 -130,660660
235,397714 -128,317931 -135,790588
225,632026 -121,080387 -128,297885
224,375656 -113,817435 -130,284462
223,139094 -108,571787 -129,093537
230,499138 -128,264782 -126,096473
239,618380 -130,229216 -132,497365
238,084490 -131,664377 -134,924170
234,879484 -132,721572 -126,037029
243,679215 -131,675868 -133,366313
242,876782 -133,184408 -135,079545
241,464042 -133,436512 -129,360372
249,007226 -133,549577 -134,050038
248,063577 -134,957267 -136,575980
249,636724 -136,331084 -131,074006
254,035805 -136,389230 -133,166287
252,468371 -134,186109 -134,786211
260,142879 -136,692568 -135,877539
258,042592 -134,160029 -136,958394
251,456377 -135,049179 -137,568302
256,946661 -134,561034 -140,112028
238,656276 -139,235008 -126,519060
248,971542 -139,115815 -128,705472
255,006341 -139,749164 -131,939785
262,000812 -138,662907 -135,944512
229,149908 -136,655764 -125,870728
222,906544 -132,196199 -126,438798
217,296164 -122,114316 -128,642819
217,036516 -117,915897 -129,025917
211,221518 -112,504002 -130,400080
273,276829 -139,008053 -150,214101
260,321770 -142,280992 -136,360476
253,169919 -143,298702 -133,134733
246,027576 -144,480920 -130,033680
236,118040 -143,648978 -128,649578
228,230140 -139,715864 -128,572515
221,338887 -134,836514 -129,400405
213,271963 -123,950931 -131,943814
211,518738 -120,018220 -134,190481
207,970062 -113,672427 -135,875992
227,926624 -143,575872 -131,447246
220,223478 -138,176908 -133,343949
235,650337 -146,598669 -132,249043
246,314169 -148,313511 -133,007570
212,908521 -128,188769 -135,279650
209,671758 -122,474697 -138,763308
207,836970 -117,252776 -141,277444
205,141872 -109,414642 -137,470952
207,970062 -113,672427 -135,875992
207,836970 -117,252776 -141,277444
205,047910 -112,267868 -145,778516
203,945104 -107,470071 -140,435824
204,071731 -110,027400 -147,487682
246,027576 -144,480920 -130,033680
253,169919 -143,298702 -133,134733
254,237698 -146,681595 -134,815297
246,314169 -148,313511 -133,007570
260,321770 -142,280992 -136,360476
260,663646 -145,590196 -138,722089
208,690866 -100,530151 -166,699658
201,972180 -99,377239 -163,827354
204,675821 -109,273581 -154,261445
210,119100 -105,994839 -159,930865
206,359558 -110,745474 -151,747128
212,048506 -109,666263 -156,424422
206,687835 -112,566111 -150,297827
212,989718 -112,268867 -155,162321
208,579100 -116,581859 -147,252685
213,700632 -115,528910 -151,834660
213,700632 -115,528910 -151,834660
208,579100 -116,581859 -147,252685
211,853073 -121,919165 -143,304172
216,190735 -123,549181 -146,334086
237,152342 -141,592430 -139,600434
234,842555 -144,903662 -136,586800
245,022760 -147,919482 -136,964882
245,385801 -144,141483 -140,856549
231,119755 -139,694574 -139,623410
227,510987 -142,148241 -137,143741
226,647029 -135,963240 -140,573237
221,777500 -138,025605 -138,250378
214,453828 -130,037509 -140,791267
220,421152 -129,109693 -143,853876
204,071731 -110,027400 -147,487682
201,820532 -108,581909 -149,906625
201,232936 -107,324454 -142,478017
203,945104 -107,470071 -140,435824
196,670613 -96,051808 -159,054632
198,722224 -97,631016 -161,204833
204,675821 -109,273581 -154,261445
201,972180 -99,377239 -163,827354
206,359558 -110,745474 -151,747128
205,047910 -112,267868 -145,778516
206,687835 -112,566111 -150,297827
207,836970 -117,252776 -141,277444
208,579100 -116,581859 -147,252685
209,671758 -122,474697 -138,763308
211,853073 -121,919165 -143,304172
208,579100 -116,581859 -147,252685
207,836970 -117,252776 -141,277444
221,777500 -138,025605 -138,250378
226,647029 -135,963240 -140,573237
220,421152 -129,109693 -143,853876
214,453828 -130,037509 -140,791267
212,908521 -128,188769 -135,279650
220,223478 -138,176908 -133,343949
227,926624 -143,575872 -131,447246
227,510987 -142,148241 -137,143741
235,650337 -146,598669 -132,249043
234,842555 -144,903662 -136,586800
245,022760 -147,919482 -136,964882
252,497525 -147,484714 -138,295390
250,649145 -144,255250 -141,442310
245,385801 -144,141483 -140,856549
257,878348 -145,747146 -141,144684
255,743457 -143,570382 -142,669189
273,276829 -139,008053 -150,214101
246,314169 -148,313511 -133,007570
254,237698 -146,681595 -134,815297
260,663646 -145,590196 -138,722089
189,943192 -101,160520 -140,733411
201,232936 -107,324454 -142,478017
196,670613 -96,051808 -159,054632
184,573961 -92,636993 -152,493892
194,439200 -104,430984 -132,560002
199,932242 -106,832218 -135,886472
204,159366 -108,364108 -135,928784
205,141872 -109,414642 -137,470952
203,945104 -107,470071 -140,435824
202,417438 -111,189143 -125,783067
208,920503 -110,614960 -129,373892
198,390387 -108,537338 -124,379228
192,960479 -100,554691 -122,611145
196,150531 -104,617469 -118,947825
211,221518 -112,504002 -130,400080
207,970062 -113,672427 -135,875992
206,151255 -114,383599 -122,123534
212,144453 -113,472531 -125,175748
201,188340 -112,332737 -119,357270
199,176722 -108,580413 -116,093430
209,706660 -119,079619 -116,461854
215,535944 -118,068765 -120,322938
206,220946 -115,574088 -115,079513
203,561490 -111,401928 -112,075550
218,279128 -113,472799 -127,499432
223,139094 -108,571787 -129,093537
218,779235 -114,171274 -124,716720
217,819364 -122,351934 -118,636490
220,405426 -116,006405 -122,645697
212,919667 -123,951864 -112,886600
209,586374 -119,342994 -110,152839
221,448477 -129,143961 -116,595741
223,930283 -121,510375 -120,868578
215,122838 -128,599244 -111,639604
212,557944 -122,876547 -107,643277
217,832281 -146,413260 -100,446920
219,739879 -140,455849 -108,600642
216,161921 -133,679932 -106,862529
215,680843 -137,706901 -96,644104
221,143919 -137,397455 -113,594602
227,017990 -129,156042 -118,806317
226,102602 -139,813217 -113,007676
224,138564 -142,550967 -111,257353
221,935160 -150,335994 -105,369699
216,862108 -147,727167 -92,388330
218,846233 -155,505398 -96,929848
217,121587 -155,125870 -89,412530
213,110189 -129,240451 -102,499850
207,214869 -114,150150 -108,771256
210,790933 -120,480773 -103,299554
211,631187 -125,823897 -99,778517
214,370382 -133,565440 -89,239635
214,276323 -122,223785 -90,139168
220,302827 -147,468431 -82,419271
221,382712 -137,261828 -80,265844
223,870378 -123,139688 -79,228657
221,094395 -115,315164 -83,004805
212,376335 -114,176053 -95,738856
204,243802 -97,724405 -111,187987
200,728530 -95,059172 -113,693773
206,158890 -102,582066 -108,234455
209,834423 -88,868535 -110,818854
213,013573 -94,945893 -107,778523
209,291403 -107,008037 -105,014383
220,640063 -107,003466 -90,505607
228,741527 -102,540023 -129,435369
232,874667 -106,925183 -137,785380
226,712496 -101,181723 -123,458927
225,056874 -103,722856 -123,436750
224,913882 -99,976612 -119,632339
233,387830 -99,025580 -118,488985
220,582607 -152,950708 -89,369407
222,450827 -153,416537 -96,056337
221,979360 -151,049895 -91,108659
222,304408 -148,841906 -92,181892
223,175003 -145,415335 -96,629948
222,495565 -150,196755 -94,898513
221,708756 -144,855241 -94,623044
224,070291 -147,669322 -102,503421
224,362858 -145,823898 -100,251578
223,860967 -140,254335 -101,696838
223,002644 -106,375918 -118,720298
223,638153 -113,663657 -120,434954
230,637556 -113,693007 -110,662386
232,126189 -119,948158 -114,112439
231,828142 -127,822206 -114,446891
228,721344 -135,845567 -110,521932
226,028959 -141,727934 -106,878357
224,421456 -141,067220 -105,684111
227,148785 -134,822491 -108,880662
227,570740 -125,827890 -110,977436
226,760118 -119,644508 -110,610314
223,282608 -133,063153 -106,766346
223,630465 -96,279724 -115,669192
226,537528 -114,258693 -110,444442
223,325214 -126,657676 -108,218957
221,052623 -119,549431 -109,198270
218,067184 -113,542090 -107,625918
218,824637 -118,453575 -104,477842
219,493016 -124,918865 -102,290115
221,189562 -133,258031 -97,981930
221,774260 -139,259325 -96,163711
218,264096 -117,640739 -100,490513
218,842273 -124,021432 -95,336747
220,262739 -132,194658 -92,625558
221,355002 -138,547290 -91,363638
220,551449 -113,060239 -96,188646
220,737475 -119,173602 -89,676188
222,281611 -128,616017 -86,719332
221,617287 -136,239483 -85,684697
221,138529 -144,404038 -87,314360
221,234063 -147,692182 -87,655963
221,135116 -93,017885 -111,940573
226,067737 -94,606320 -111,279782
227,018188 -91,548898 -104,777638
222,905348 -89,258084 -103,845208
231,074403 -93,820199 -109,520808
234,325474 -93,111613 -111,272309
217,119665 -88,702233 -102,770613
226,135730 -111,152629 -108,357071
230,625670 -110,868859 -109,951453
223,974992 -108,521448 -106,430439
325,555864 -37,268535 -114,910348
329,935289 -36,886594 -113,516994
331,071870 -36,468554 -120,833241
329,935289 -36,886594 -113,516994
329,671416 -33,053030 -110,546857
329,269222 -30,406760 -115,686943
331,071870 -36,468554 -120,833241
319,281719 -36,280228 -98,947881
319,846624 -40,264219 -100,307075
314,870642 -41,053019 -98,265691
314,431702 -38,323672 -96,643142
322,779766 -38,676183 -114,144491
322,115446 -40,267667 -115,059169
319,361239 -46,878311 -108,505643
323,682118 -42,020879 -106,221749
302,476707 -34,944519 -92,530034
305,981083 -30,392168 -95,189131
307,471154 -31,794039 -97,287597
305,961306 -37,607119 -93,824563
314,279162 -51,692038 -115,306933
314,255938 -51,342357 -122,446347
311,091699 -51,307194 -123,590907
309,782169 -52,004509 -117,520304
272,600947 -55,376030 -88,640234
273,851349 -48,900537 -86,505007
287,648098 -43,419522 -91,262461
287,770688 -47,152285 -95,045342
251,223547 -67,612651 -84,936094
243,355722 -74,195608 -87,650317
239,545432 -68,427540 -80,475608
247,574184 -62,737001 -77,050964
254,241670 -94,021126 -113,114689
252,466304 -100,659082 -120,240255
249,736500 -100,836604 -120,655861
251,310153 -92,518364 -112,468433
255,318789 -93,521073 -113,664549
259,109761 -96,812040 -116,789136
261,072414 -98,927521 -119,891102
259,963801 -100,618229 -119,858489
265,302044 -96,449067 -118,669538
265,239820 -97,637048 -122,987043
261,072414 -98,927521 -119,891102
263,717411 -96,597733 -117,563435
261,327625 -89,770724 -112,219620
261,849241 -92,121127 -113,384960
255,318789 -93,521073 -113,664549
267,155139 -94,072939 -124,659760
268,117070 -94,299414 -126,096050
264,921169 -98,655054 -125,165109
265,239820 -97,637048 -122,987043
256,186640 -99,801008 -120,815758
254,081141 -101,627423 -119,793877
269,005749 -86,748603 -118,717500
269,439210 -85,463863 -122,880372
268,883684 -88,314365 -123,495987
268,427331 -88,789634 -119,245060
263,203534 -98,388232 -128,214203
260,911270 -99,305431 -127,913283
251,980513 -104,391666 -129,440533
256,684687 -103,072066 -136,432250
248,984209 -101,351034 -142,949530
243,842020 -104,780108 -135,669177
273,140228 -85,469946 -125,631544
273,559428 -86,181940 -130,431560
271,649428 -90,224034 -132,199979
271,503929 -90,488134 -129,659443
220,582607 -152,950708 -89,369407
217,121587 -155,125870 -89,412530
220,302827 -147,468431 -82,419271
221,234063 -147,692182 -87,655963
221,979360 -151,049895 -91,108659
220,640063 -107,003466 -90,505607
213,013573 -94,945893 -107,778523
223,974992 -108,521448 -106,430439
220,551449 -113,060239 -96,188646
221,094395 -115,315164 -83,004805
220,737475 -119,173602 -89,676188
223,870378 -123,139688 -79,228657
222,281611 -128,616017 -86,719332
221,382712 -137,261828 -80,265844
221,617287 -136,239483 -85,684697
221,138529 -144,404038 -87,314360
273,276829 -139,008053 -150,214101
260,663646 -145,590196 -138,722089
260,321770 -142,280992 -136,360476
212,160907 -86,286429 -103,357572
217,119665 -88,702233 -102,770613
213,013573 -94,945893 -107,778523
209,834423 -88,868535 -110,818854
231,241898 -14,299875 -82,865245
231,726015 -21,768973 -75,123754
217,377672 -20,273344 -68,214040
215,618910 -12,502280 -77,070915
199,262900 -85,540801 -104,131857
212,625764 -78,848408 -95,053274
201,018877 -77,186125 -93,241830
215,432412 -66,448655 -82,017972
209,233788 -67,013321 -81,504669
219,984667 -51,592467 -71,971030
213,534963 -53,269662 -72,319266
224,548413 -40,020221 -69,862479
215,485638 -37,977338 -65,944715
230,458457 -28,953056 -70,598613
217,400363 -27,576393 -65,073672
187,353575 -98,952772 -129,398900
194,439200 -104,430984 -132,560002
189,943192 -101,160520 -140,733411
185,346268 -97,986907 -135,485692
184,573961 -92,636993 -152,493892
180,420853 -90,601000 -149,232542
182,935911 -95,796373 -141,208403
200,728530 -95,059172 -113,693773
193,550099 -93,462650 -114,034048
192,960479 -100,554691 -122,611145
273,276829 -139,008053 -150,214101
258,042592 -134,160029 -136,958394
256,946661 -134,561034 -140,112028
260,142879 -136,692568 -135,877539
213,013573 -94,945893 -107,778523
221,135116 -93,017885 -111,940573
223,974992 -108,521448 -106,430439
91,367142 94,951589 142,658604
93,430938 89,725145 145,850136
89,176298 79,141907 133,129904
87,251428 81,555525 131,672474
92,957599 104,113306 152,544747
96,216635 95,416053 157,098694
-86,883429 61,162492 110,058455
-85,969076 54,087242 114,293103
-94,627231 53,727779 113,685217
-107,181401 49,641616 113,644152
-104,054766 45,706654 115,676007
-112,117075 44,699845 117,834829
-113,995342 50,273932 112,842603
-221,805791 44,798897 132,464552
-209,993395 48,595066 134,444388
-211,993002 37,393558 143,272865
-220,811289 34,424575 140,802769
-194,161824 50,669663 138,820901
-193,060178 46,596868 140,057475
-198,793863 37,333580 145,240988
-265,891925 23,648108 90,419719
-266,999860 6,688232 71,124274
-267,187073 15,467860 81,313624
-256,805350 -111,930124 -26,128550
-263,201283 -104,112837 -38,671447
-262,904682 -92,976928 -40,515985
-261,078863 -100,786508 -37,535806
-260,099652 -92,723438 -40,964534
222,450827 -153,416537 -96,056337
220,582607 -152,950708 -89,369407
221,979360 -151,049895 -91,108659
222,495565 -150,196755 -94,898513
-206,678769 41,945245 157,974823
-213,841231 42,980561 155,505052
-211,993002 37,393558 143,272865
-198,793863 37,333580 145,240988
-223,723145 38,641494 151,724905
-220,811289 34,424575 140,802769
-259,942940 -96,620624 -38,372451
-261,506308 -90,156093 -44,606291
-263,785012 -89,596578 -48,326417
10169
953 969
3014 3015
250 260
4157 4161
2777 2779
3079 3080
3810 3824
3230 3249
1702 1703
4169 4171
3589 3596
2281 2282
4213 4214
3633 3639
25 34
904 905
2552 2553
3651 3656
2555 2558
1354 1370
3415 3416
3802 3825
2274 2279
106 107
1993 2000
2318 2322
1757 1760
4205 4215
2617 2618
3408 3413
187 217
2847 2851
3707 3709
486 513
2358 2394
2965 3072
3146 3147
398 400
442 443
3470 3473
2909 2911
2348 2349
892 908
1532 1534
2953 2954
1339 1368
1251 1255
3482 3483
734 736
3762 3766
173 174
2385 2389
1824 1827
4064 4067
2684 2685
1263 1265
1307 1308
4335 4338
2447 2449
1886 1887
465 467
4057 4064
4397 4398
2976 2978
228 231
3127 3147
4400 4403
1901 1902
2742 2747
801 803
3041 3043
240 241
570 870
205 220
4412 4413
1664 1666
3312 3314
564 567
1424 1425
3 5
4411 4417
4175 4177
3595 3602
3614 3615
3765 3784
1657 1663
3377 3379
2816 2817
3824 3839
1439 1440
2280 2285
4467 4470
3906 3908
2018 2019
3950 3951
2749 2763
2289 2290
4529 4530
3713 3715
3152 3153
1491 1492
2222 2236
4242 4244
2354 2355
3381 3390
2584 2588
1443 1451
2883 2884
3727 3734
179 180
2085 2086
2690 2691
2802 2932
3036 3099
708 709
2686 2720
3219 3220
2639 2645
3439 3452
471 473
4359 4361
3798 3799
921 938
2361 2371
2982 2984
2421 2422
1044 1045
2704 2710
1283 1290
2962 3005
1623 1624
202 204
3495 3505
1494 1510
914 935
4355 4363
3794 3801
4374 4376
2634 2651
246 247
2694 2702
3274 3277
1837 1849
803 838
9 11
3163 3180
4067 4081
1638 1639
538 540
2778 2780
4149 4150
3049 3051
2488 2489
2491 2494
2919 2941
4378 4387
603 605
1690 1691
1973 1979
593 597
4160 4164
3643 3645
3687 3688
3967 3971
3406 3409
2026 2027
4266 4267
28 37
2889 2890
3916 3925
907 908
1228 1229
1231 1234
197 223
670 672
2091 2092
3099 3114
3698 3702
433 436
2620 2621
2944 2947
1822 1823
2033 2043
445 446
2912 2914
1024 1025
895 911
2956 2957
4099 4103
4326 4331
97 113
2158 2159
809 844
3749 3761
781 782
1921 1923
4111 4113
3531 3538
2450 2452
1889 1890
1652 1654
196 213
1696 1697
3886 3887
577 578
2225 2226
4465 4466
2228 2231
3088 3089
340 342
1988 1990
732 866
1427 1428
4379 4399
3598 3605
2851 2853
3859 3875
2290 2291
569 579
3660 3665
1984 1992
3792 3821
1423 1430
2283 2288
2761 3081
115 116
2626 2627
1205 1207
644 645
105 108
4532 4533
965 966
1784 1786
3996 4001
1828 1829
407 409
2874 2877
167 168
4339 4340
2918 2920
170 173
595 874
2357 2358
2640 2646
2120 2122
699 702
1559 1560
182 183
3210 3213
4070 4071
2649 2651
33 60
2693 2694
2412 2415
3272 3273
4063 4068
3275 3278
1895 1896
1614 1617
4406 4407
924 941
2985 2987
2707 2713
3608 3609
1607 1614
1626 1627
3050 3052
12 14
292 297
3604 3611
3623 3624
314 315
1962 1963
4202 4203
525 535
1965 1968
3386 3388
2825 2826
4473 4474
1684 1689
1725 1727
2544 2547
1164 1165
3896 3904
2588 2590
1167 1170
2238 2248
70 76
369 372
3056 3109
3161 3162
2319 2321
837 891
3970 3974
1329 1353
381 382
702 703
3453 3455
1565 1566
2699 2727
4032 4034
2611 2614
3471 3472
1795 1799
4076 4077
1454 1469
2094 2095
93 100
1558 1563
1296 1297
716 722
2695 2729
807 840
480 482
3788 3795
3807 3808
930 947
2795 3081
2430 2431
608 667
2968 3009
1440 1463
2193 2195
2360 2372
491 496
255 256
475 488
790 792
4143 4144
834 835
144 159
3345 3346
1363 1364
1927 1931
1687 1690
546 553
2418 2434
2928 2950
3360 3361
3788 3808
4500 4502
1699 1700
3939 3940
1358 1370
2562 2563
4210 4211
693 724
1764 1765
2772 2787
664 666
103 104
3415 3418
3802 3827
4275 4276
1675 1693
2854 2856
1196 1200
2787 2802
206 232
679 681
4567 4569
118 119
4006 4007
439 440
3190 3192
442 445
3470 3475
1302 1303
889 905
2909 2913
3769 3771
746 856
3208 3209
419 461
3813 3814
2392 2394
1831 1832
4043 4047
1295 1300
674 687
1462 1477
3122 3142
2341 2348
1594 1596
3762 3768
1033 1034
453 459
217 219
3525 3532
3544 3545
903 924
2167 2168
2953 3077
4407 4408
2746 2747
1325 1327
4337 4349
1088 1091
3540 3547
3880 3881
2030 2055
1100 1101
2999 3085
284 286
2524 2526
1944 1951
302 303
3614 3617
4474 4475
1436 1437
3676 3677
2994 3091
2280 2287
3827 3846
2299 2300
638 639
3950 3953
2790 2803
3776 3800
2062 2064
1501 1502
3149 3150
4012 4013
1793 1795
4392 4419
1837 1838
3812 3844
3743 3744
176 177
995 997
2366 2367
2646 2650
1486 1500
2085 2088
2945 2946
3550 3551
2129 2131
1568 1569
3720 3733
3140 3158
1980 2008
191 192
4318 4362
1331 1333
770 771
3502 3510
2701 2707
4144 4145
3495 3507
1062 1064
4374 4378
1046 1056
2486 2489
1106 1107
4134 4137
3573 3575
3277 3284
264 266
3617 3618
2196 2198
308 309
2498 2499
2819 2820
1398 1400
837 838
1678 1683
3789 3809
2409 2427
21 23
3348 3349
39 40
4211 4212
1693 1698
1173 1174
2036 2037
615 617
4503 4505
375 376
1799 1801
2886 2887
3705 3707
2963 3070
4310 4312
3749 3750
2328 2330
1168 1180
827 887
1792 1798
371 378
2652 2656
1231 1236
1574 1575
153 155
4041 4043
2620 2623
1460 1473
3480 3481
2664 2666
1463 1478
3111 3126
3243 3245
1822 1825
1866 1868
1585 1589
3816 3817
2719 2723
1298 1303
3125 3145
3018 3019
2438 2444
1001 1016
1641 1642
3528 3535
799 801
4391 4398
2223 2226
1889 1892
1 3
3354 3355
713 734
4173 4175
3593 3600
45 46
1135 1137
4361 4411
574 575
2993 3083
1418 1425
3085 3086
337 339
3948 3949
1947 1954
2848 2850
3711 3713
437 462
910 911
3150 3151
3642 3650
352 354
4240 4242
766 866
4284 4285
2863 2865
115 118
1202 1204
4047 4049
2626 2629
1205 1209
3486 3487
1825 1826
4015 4016
2874 2879
3715 3724
752 860
898 914
2357 2360
595 876
3217 3218
469 471
2401 2403
4288 4296
2980 2982
2419 2420
3024 3025
1042 1043
4073 4078
2693 2696
1492 1508
912 933
805 807
244 245
4063 4070
3766 3783
1378 1379
3284 3285
1957 1958
668 694
2839 2871
3047 3049
1626 1629
4468 4469
1373 1385
1972 1973
1820 1845
311 312
4483 4484
314 317
3386 3390
2825 2828
2024 2025
694 723
7 22
2027 2030
26 35
67 73
605 651
89 91
3977 3979
2600 2602
2020 2027
2319 2323
2360 2361
1329 1355
3223 3224
821 885
587 718
1241 1242
4341 4377
1562 1563
141 143
1454 1471
2954 2955
2959 3070
1577 1578
1296 1299
2156 2157
807 842
4088 4089
2761 2762
1340 1342
927 944
3167 3184
779 780
1850 1858
3290 3291
542 544
2968 3011
2954 3076
1913 1914
2193 2197
598 853
3053 3055
2492 2493
4102 4108
3021 3022
254 262
273 275
1004 1019
317 318
4205 4206
846 847
1986 1988
1709 1710
609 611
48 49
3939 3942
2559 2560
3983 3985
2410 2437
2842 2848
1421 1428
2322 2324
1742 1749
1761 1762
1764 1767
384 385
2624 2625
4212 4222
4556 4557
2969 3074
4275 4278
2406 2439
3758 3759
2337 2339
449 450
2097 2098
676 678
55 65
2916 2918
899 915
2960 2961
978 979
439 442
4006 4009
1299 1300
1863 1867
2049 2057
2890 2902
746 858
3208 3211
1320 1359
3252 3254
1831 1834
2691 2692
1875 1877
3122 3144
1893 1894
3825 3826
516 517
2983 2985
3695 3716
3307 3311
726 741
2746 2749
1650 1651
1457 1485
509 514
3537 3544
4397 4402
2229 2230
808 810
4419 4420
852 853
1258 1275
2758 2759
10 12
722 743
1362 1369
3602 3609
54 55
2502 2510
3082 3085
2521 2523
3813 3829
1960 1961
583 584
3 9
302 305
780 869
2287 2292
1767 1768
3957 3958
1956 1963
2857 2859
648 649
2296 2297
3676 3679
4536 4537
3159 3160
1977 2022
2878 2881
1498 1499
4249 4251
121 122
2361 2362
2291 2303
3495 3496
1793 1797
413 415
1213 1222
3040 3101
2697 2698
1276 1278
4304 4308
715 716
3787 3789
566 593
3226 3227
906 927
2129 2133
928 945
2989 2991
2428 2429
2815 2875
666 716
2966 3007
4019 4031
1051 1052
4079 4082
770 773
3798 3803
1630 1631
3562 3563
814 816
1841 1851
2124 2139
2764 2765
16 18
1387 1388
1922 1924
3214 3230
4156 4157
589 590
3617 3620
4477 4478
995 1012
3056 3058
2819 2822
1697 1698
969 996
3682 3685
3849 3862
881 883
320 321
3348 3351
600 604
23 34
1504 1505
2254 2262
3694 3695
3974 3978
1173 1176
2033 2034
4273 4274
3457 3459
2036 2039
35 44
2316 2322
2896 2897
4544 4545
1235 1236
1799 1803
3793 3822
1405 1418
2886 2889
2098 2099
2963 3072
3749 3752
3188 3190
887 903
3232 3233
1811 1813
477 510
1530 1534
2390 2392
1574 1577
2434 2435
452 453
1293 1298
1460 1475
773 774
2900 2908
2972 3013
3631 3652
2043 2055
3760 3766
2944 2951
4340 4341
776 779
2963 2964
3542 3543
813 846
2726 2728
2146 2153
1349 1351
788 789
1367 1368
2719 2725
2743 3082
2784 3083
3125 3147
3538 3545
3878 3879
3749 3765
1641 1644
1124 1125
1659 1661
203 220
1703 1704
3893 3894
326 327
3354 3357
4214 4215
2232 2233
1652 1658
3823 3835
1995 1997
1434 1435
618 620
2858 2860
3605 3612
57 58
4506 4508
636 637
3948 3951
3708 3710
1770 1771
2570 2578
2050 2054
2633 2634
1212 1214
2220 2236
3660 3669
4281 4282
972 973
3162 3163
1835 1836
3483 3484
4047 4051
174 175
625 636
3486 3489
1825 1828
2883 2930
1415 1435
3759 3769
3138 3156
750 752
189 190
510 511
2876 2927
2401 2405
3261 3263
1600 1602
2419 2422
1839 1847
3711 3728
3771 3779
3024 3027
4051 4062
1042 1045
481 483
1621 1624
4114 4118
525 526
1366 1371
4413 4414
2992 2994
1851 1857
1104 1105
3036 3037
4176 4178
694 712
2194 2196
817 819
784 871
1658 1664
687 709
19 21
3847 3858
3630 3631
63 64
3891 3901
3910 3914
3951 3952
1969 1970
1972 1975
4480 4481
1171 1172
4483 4486
314 319
2595 2597
4243 4245
2913 2943
373 374
2245 2255
2305 2306
524 543
3445 3447
2027 2032
1507 1508
605 653
130 131
2370 2371
3977 3981
4018 4019
709 710
129 135
2020 2029
3460 3462
3740 3745
151 153
3220 3221
4039 4041
2662 2664
3840 3868
3112 3129
724 725
1864 1866
1908 1909
487 489
915 936
1495 1511
4375 4377
3814 3815
247 248
612 669
1838 1850
250 253
2437 2438
1277 1288
1296 1301
1428 1457
3016 3017
3508 3516
2761 2764
719 731
1639 1640
262 263
4150 4151
2492 2495
3352 3353
3223 3239
554 556
4382 4393
2214 2221
985 1008
704 729
1177 1178
3367 3368
3688 3689
2267 2269
1706 1707
1709 1712
2569 2570
2030 2033
4217 4218
29 38
908 909
4220 4223
2420 2447
3640 3648
3419 3420
671 673
110 111
3422 3425
2042 2043
4282 4283
1761 1764
384 387
2624 2627
1244 1245
2791 2804
1675 1697
3033 3091
686 688
4574 4576
446 447
3197 3199
143 180
2636 2637
2097 2100
896 912
2957 2958
3628 3651
2635 2678
2960 2963
3820 3821
618 675
2159 2160
461 462
1302 1307
2162 2165
3129 3149
4349 4350
504 509
2691 2694
690 699
3532 3539
3551 3552
1875 1879
2735 2737
2174 2175
2454 2458
1893 1896
2753 2754
4105 4111
1937 1939
1376 1377
276 278
4448 4450
1007 1022
3887 3888
578 579
2185 2189
2510 2511
3177 3203
3089 3090
3599 3606
290 297
914 915
3381 3383
1960 1963
3192 3218
1144 1148
3425 3426
2004 2006
4244 4246
1443 1444
2284 2289
302 307
2287 2294
3954 3955
645 646
648 651
3156 3157
408 410
3054 3109
1779 1780
2919 2921
2229 2245
981 982
4012 4017
1431 1447
183 184
4355 4356
1793 1799
2653 2657
1273 1275
1257 1267
1276 1280
3557 3558
2136 2138
1556 1563
4304 4310
3147 3165
198 199
1426 1453
1899 1902
4086 4087
1338 1340
925 942
3270 3272
3550 3555
3288 3289
1612 1616
2966 3009
2472 2474
3499 3509
2490 2491
2941 2952
4422 4423
3801 3810
3221 3235
1674 1676
1113 1114
13 15
4185 4187
16 20
1642 1643
315 316
2247 2248
526 536
545 549
1449 1450
2416 2434
3916 3918
607 609
2239 2249
30 39
969 998
3682 3687
1741 1743
2021 2026
2251 2259
3691 3692
83 87
2770 2787
382 383
2254 2264
3454 3456
2893 2894
145 147
4317 4319
2896 2899
1516 1517
2095 2096
3106 3123
718 719
3837 3867
4092 4093
1511 1523
931 948
2110 2111
2431 2432
1312 1313
2972 3015
2043 2057
943 958
3823 3824
3007 3009
2446 2447
4106 4112
1305 1310
145 160
2984 3025
2209 2211
1008 1023
1648 1649
4115 4117
507 512
1411 1413
850 851
3878 3881
3317 3319
1379 1380
52 53
1659 1663
1984 1985
2519 2521
2997 3085
2563 2564
3855 3870
3874 3883
3313 3321
1186 1187
3183 3211
4516 4518
2993 3087
2855 2857
2294 2295
38 47
680 682
119 120
191 225
2985 3088
4291 4292
3191 3193
2630 2631
1341 1367
4054 4056
3493 3494
972 975
411 413
455 456
4047 4053
174 177
1485 1496
4346 4349
743 859
476 515
3829 3830
2408 2410
1828 1835
1847 1848
747 749
126 136
2987 2989
186 187
3718 3733
3759 3771
960 978
812 814
2183 2184
3323 3325
522 523
2762 2763
4114 4120
571 873
2226 2231
1665 1669
3817 3833
3896 3897
3703 3731
587 588
3615 3618
4475 4476
3054 3056
3098 3099
1116 1117
2817 2820
1721 1722
2256 2258
4188 4190
3608 3615
0 10
967 994
2407 2427
2300 2301
4490 4491
923 924
3390 3392
1389 1397
2230 2242
2829 2830
81 83
4253 4255
3673 3680
2252 2260
125 126
1171 1174
2031 2032
575 591
1215 1217
2015 2024
2595 2599
654 655
74 80
3165 3166
3445 3449
4028 4029
2607 2609
990 991
4018 4021
1229 1236
4021 4026
3740 3747
192 193
3784 3790
2662 2666
3153 3169
1845 1855
811 844
484 486
4095 4096
3515 3521
1347 1349
934 951
786 787
2005 2029
2437 2440
3151 3244
3297 3298
1920 1921
3621 3624
3807 3814
999 1016
3060 3062
259 260
1122 1123
261 269
3633 3634
4039 4056
324 325
1931 1935
3352 3355
4212 4213
1335 1352
1975 1978
2835 2836
2214 2223
1458 1459
616 618
55 56
4227 4228
660 661
2267 2271
3688 3691
4548 4549
1706 1709
2566 2567
3407 3412
3858 3873
3990 3992
2569 2572
2329 2331
4201 4212
6 56
391 392
3419 3422
970 971
2902 2903
154 156
2693 2729
3765 3766
2344 2346
3484 3487
2104 2105
2775 2798
4275 4282
727 728
2967 2968
3194 3196
606 667
1306 1307
3496 3497
2988 3027
3521 3527
467 508
899 919
940 957
1258 1266
1299 1304
2744 3081
2978 3019
1882 1884
2723 2729
4330 4339
1321 1322
3129 3151
548 581
2461 2463
3832 3833
1471 1495
4411 4412
3034 3035
2753 2756
1657 1658
4105 4113
3544 3551
4404 4409
815 817
1955 1995
859 860
3887 3890
1139 1143
2185 2191
2837 2871
3370 3371
2749 2758
622 624
61 62
1948 1955
2739 2750
1151 1153
1951 1960
590 591
3618 3621
3101 3102
1774 1775
397 398
4392 4412
1424 1433
2864 2866
2284 2291
4285 4286
2303 2304
4376 4404
764 865
2066 2068
1505 1506
4344 4371
689 691
128 129
707 708
2639 2640
42 62
3502 3503
1841 1842
2704 2705
1283 1285
4352 4353
1043 1044
661 713
3154 3170
1046 1049
3233 3234
1493 1509
3554 3555
4118 4122
756 758
2996 2998
1855 1861
566 597
1619 1621
2627 2643
1058 1059
3506 3514
2910 2931
3550 3557
3569 3570
821 823
260 261
3288 3291
4148 4149
3332 3334
1350 1352
23 25
1671 1673
2490 2493
1394 1395
3202 3224
1674 1678
1973 1974
13 17
3905 3906
3624 3627
983 1006
4484 4485
3063 3065
3107 3108
359 361
2265 2267
2309 2310
27 36
2907 2939
3399 3401
71 79
90 92
134 135
4022 4023
3167 3243
2040 2041
2219 2272
1224 1226
663 664
2364 2367
4551 4552
1803 1805
1242 1243
3993 3995
426 428
2033 2038
3753 3754
2404 2439
4317 4321
2376 2377
4184 4206
2656 2660
1818 1820
1238 1245
1578 1579
616 673
201 202
2441 2442
1300 1305
780 781
744 858
3512 3520
2970 2971
2956 3073
1633 1636
3524 3530
2364 2380
943 960
4384 4388
795 796
22 55
3306 3307
558 560
2165 2170
2951 3079
1005 1020
1645 1646
3885 3886
1648 1651
2508 2509
1928 1934
4115 4119
658 683
4159 4162
3579 3587
2784 3087
2271 2273
289 291
3642 3643
4221 4222
1659 1665
2844 2845
2981 3079
2002 2004
1422 1429
3874 3885
1186 1189
4214 4219
2046 2047
625 627
3653 3657
3183 3213
3656 3662
2575 2576
1777 1778
400 401
2640 2641
4288 4289
119 122
979 980
4291 4294
2290 2299
4051 4053
443 448
3490 3491
2069 2071
3001 3034
4353 4354
562 584
1255 1265
3442 3450
1315 1316
3722 3733
4066 4068
1485 1498
757 759
2405 2407
517 518
2707 2708
747 751
126 138
3028 3029
1011 1026
617 641
2470 2472
510 515
3497 3507
532 533
960 980
3043 3044
1429 1458
1902 1907
2762 2765
1382 1383
3622 3623
2245 2246
824 826
1665 1671
1964 1967
3275 3286
4176 4182
694 716
3379 3380
4519 4521
3958 3959
1957 1964
1976 1977
1721 1724
2581 2582
3567 3579
967 996
2407 2429
4468 4475
2300 2303
4487 4488
1739 1741
1978 2023
1783 1784
4190 4201
2230 2244
2829 2832
4253 4257
3052 3106
2312 2313
2031 2034
4202 4211
14 31
74 82
3561 3626
698 700
137 138
1838 1841
2005 2018
3684 3696
3835 3865
1447 1461
3227 3228
1806 1808
1850 1851
2429 2430
192 195
1052 1053
2970 3013
2942 2951
254 255
600 663
2680 2722
4426 4427
3005 3007
2444 2445
811 846
2765 2766
1344 1346
143 158
2768 2771
786 789
269 270
697 717
2780 2781
1119 1120
3359 3360
1683 1687
561 563
3850 3863
2995 3083
321 322
973 1002
4493 4494
4039 4058
324 327
1351 1362
3651 3653
4215 4220
2835 2838
4256 4258
3695 3696
1694 1701
1713 1714
2318 2319
2037 2040
4224 4225
36 45
4208 4217
660 663
1520 1521
4548 4551
3426 3427
678 680
1970 1986
2049 2050
2329 2333
3189 3191
2313 2325
6 58
4560 4561
1251 1252
3762 3763
453 454
3204 3206
623 636
2104 2107
1464 1481
2964 2965
1543 1545
1587 1588
1306 1309
3004 3037
2988 3029
2979 2980
1879 1881
2978 3021
958 976
2742 2744
3709 3728
3769 3779
2181 2182
2502 2503
2779 2811
224 230
2925 3094
1364 1371
1383 1384
844 847
4411 4414
283 285
3034 3037
2841 2871
3613 3616
2517 2518
3358 3363
3764 3785
1376 1381
856 857
3096 3097
3827 3841
2280 2282
1719 1720
298 300
4186 4188
3606 3613
58 59
4230 4231
1976 2019
3196 3220
61 64
921 922
2528 2532
527 537
1992 2000
571 580
2011 2013
1431 1438
3432 3433
1450 1451
4179 4185
2055 2056
4522 4524
3381 3387
3945 3954
3964 3967
1257 1258
3831 3852
1704 1718
3062 3112
3163 3164
2365 2366
4297 4298
1549 1551
128 131
988 989
1268 1272
578 596
3499 3500
751 753
3010 3043
190 191
2122 2123
4362 4363
599 655
2701 2702
1280 1282
3151 3167
482 484
4181 4207
2634 2648
526 527
3752 3801
932 949
2716 2717
4023 4035
1918 1919
2239 2240
2910 2933
257 258
4429 4430
821 825
628 659
1120 1121
540 546
3700 3732
3779 3796
2210 2212
2254 2255
253 260
593 594
2833 2834
252 264
2017 2019
983 1008
1456 1457
3923 3925
3967 3968
658 659
3916 3922
3169 3170
1187 1188
371 373
3698 3699
3789 3817
994 995
4022 4025
3167 3245
2900 2901
1479 1481
2364 2369
4551 4554
382 387
2663 2665
2102 2103
426 430
725 726
3753 3756
2376 2379
3236 3237
2835 2893
4099 4100
3519 3525
938 955
2438 2439
1017 1019
616 675
456 457
2976 3017
1061 1062
1880 1882
222 226
263 264
1870 1874
2733 2737
1353 1355
792 793
3637 3638
3224 3240
1655 1656
3542 3549
3306 3309
3693 3718
4166 4167
3586 3592
857 858
3176 3199
2508 2511
3368 3369
1947 1949
3818 3834
330 331
2570 2571
1754 1756
720 745
1193 1194
3641 3649
1659 1667
3704 3705
395 396
2002 2006
3423 3426
2862 2864
1186 1191
565 578
4173 4183
2906 2907
924 925
762 863
1529 1530
3435 3436
126 127
4279 4286
4506 4514
731 732
3198 3200
1260 1261
2227 2245
1839 1840
3730 3734
462 463
3490 3493
1533 1541
2973 2974
1832 1837
851 918
2415 2417
754 756
905 925
798 799
3785 3791
3265 3267
3567 3568
0 1
1607 1611
3028 3031
2190 2191
3330 3332
529 530
1392 1393
3040 3041
1672 1676
292 294
3279 3286
4464 4466
3903 3904
1902 1909
1155 1157
3622 3625
1473 1503
2226 2235
3666 3668
3105 3106
1684 1686
3836 3850
3275 3288
1728 1729
4195 4197
587 592
3634 3635
67 68
2307 2308
4239 4240
2625 2654
930 931
4345 4370
3441 3442
1440 1447
132 133
2019 2026
2643 2644
2249 2259
661 662
3172 3173
4035 4036
468 469
833 890
2374 2375
2632 2670
997 998
2005 2020
1277 1281
3464 3466
1576 1577
3508 3509
2928 2934
760 762
199 200
911 931
4320 4326
2152 2154
3160 3176
412 429
1912 1913
2923 2940
3522 3528
941 958
3002 3004
424 439
3285 3292
3304 3305
1003 1018
1927 1928
3795 3808
827 829
266 267
4438 4439
697 719
3577 3585
977 1002
1409 1413
3920 3924
1979 1980
3371 3372
623 625
2274 2278
4555 4556
2991 3087
3178 3179
4205 4214
1196 1197
55 60
187 216
3215 3246
4268 4270
1520 1523
486 512
2380 2381
3838 3868
3470 3472
2983 3088
2909 2910
892 907
3772 3773
205 206
1339 1367
1251 1254
1323 1359
2111 2112
2957 3072
1402 1423
734 735
2974 2975
3201 3203
3166 3182
497 499
2904 2916
4385 4387
755 794
3824 3825
3115 3136
947 964
2447 2448
1306 1311
3004 3039
4337 4346
1649 1650
508 513
599 631
272 273
3839 3840
2739 2741
4163 4166
2742 2746
3583 3591
2181 2184
1601 1609
3041 3042
2502 2505
570 869
504 515
564 566
3551 3558
4175 4176
3595 3601
2514 2515
2753 2760
3938 3940
1357 1370
3377 3378
629 631
3824 3838
1716 1717
1955 1999
559 572
2579 2580
1976 2021
3196 3222
3108 3109
404 405
2871 2873
2915 2916
933 934
2073 2075
677 685
2117 2118
696 698
135 136
4023 4024
3207 3209
459 462
1426 1446
3446 3454
2929 2935
2409 2411
988 991
427 429
471 472
2711 2712
2339 2352
3499 3502
3010 3045
1050 1051
4343 4352
580 873
2361 2370
2982 2983
3782 3790
2641 2653
3561 3562
2140 2142
2704 2709
763 765
1386 1387
1477 1505
9 10
828 830
2476 2478
1915 1916
3339 3341
2759 2766
2778 2779
3288 3295
3912 3913
603 604
2251 2252
3114 3115
1973 1978
3580 3588
2833 2836
1453 1454
2253 2261
2877 2879
2316 2317
4203 4210
3967 3970
2845 2846
97 99
3450 3451
2309 2314
2028 2035
2652 2653
670 671
3698 3701
2975 3077
3102 3118
1854 1855
2040 2045
3760 3761
473 507
426 432
1585 1586
3116 3137
769 771
4336 4338
2448 2449
2835 2895
488 492
3516 3522
4096 4097
787 788
732 852
4099 4102
3298 3299
2976 3019
3301 3304
200 210
2872 2898
4331 4381
3531 3537
950 967
3011 3013
222 228
3313 3314
565 567
1012 1027
1652 1653
196 212
1655 1658
555 559
706 728
3176 3201
3649 3650
617 619
1068 1080
340 341
1988 1989
4228 4229
3412 3414
2851 2852
330 333
1754 1758
2614 2616
3660 3664
4520 4522
3792 3820
3704 3707
1403 1420
3766 3767
2345 2347
1784 1785
1529 1532
2389 2390
3996 4000
407 408
1547 1549
126 129
1591 1592
170 172
557 581
4058 4060
3497 3498
1260 1263
2101 2108
2120 2121
2400 2404
1322 1323
2982 3025
4073 4075
3833 3834
2412 2414
1832 1839
851 920
1851 1852
524 525
3124 3145
2456 2457
735 745
3035 3036
1614 1616
798 801
3038 3041
237 239
3265 3269
816 818
3567 3570
0 3
1607 1613
860 861
1978 2014
3050 3051
1049 1056
1953 1957
3200 3224
2252 2253
591 592
1454 1455
3386 3387
4526 4528
1684 1688
1725 1726
2544 2546
3965 3966
1728 1731
974 1003
2307 2310
927 928
70 75
369 371
4257 4259
3441 3444
4301 4302
2880 2882
2319 2320
579 595
818 877
2082 2084
3821 3850
1801 1805
2126 2127
705 707
144 145
4032 4033
1284 1286
4035 4038
2655 2656
3234 3235
2833 2891
1558 1562
2418 2420
4025 4030
1857 1858
4368 4369
911 933
630 654
3570 3571
1588 1589
693 710
2193 2194
4433 4434
3012 3014
1912 1915
2772 2773
790 791
475 487
1395 1396
2214 2216
3222 3238
2787 2788
1126 1127
250 261
4157 4162
977 1004
1989 1990
328 329
3860 3875
4500 4501
2782 2794
1462 1463
3702 3703
2281 2283
25 35
2979 3079
2325 2326
664 665
843 896
3651 3657
3976 3979
3802 3826
4555 4558
4038 4039
4205 4216
2056 2057
3196 3198
187 218
3215 3248
4567 4568
2965 3073
1819 1821
1258 1259
1863 1864
3470 3474
4330 4332
889 904
2909 2912
3769 3770
892 909
1339 1369
2392 2393
2672 2676
1531 1539
2971 2972
1550 1552
674 686
2155 2157
3762 3767
1594 1595
217 218
4105 4106
3525 3531
2904 2918
903 923
755 796
796 797
741 861
4388 4394
2953 3076
3307 3308
1325 1326
4170 4171
2509 2510
4400 4404
272 275
2512 2515
1132 1133
293 297
334 335
2524 2525
863 864
2822 2862
3894 3899
1726 1727
3374 3375
626 628
3377 3380
4218 4225
2816 2818
1656 1668
68 71
1716 1719
928 929
3956 3959
3827 3845
2280 2286
4000 4002
559 574
1199 1200
3439 3440
2018 2020
2062 2063
641 643
4529 4531
2789 2806
401 402
3968 3969
1264 1265
3050 3106
2291 2300
2915 2918
3775 3776
1793 1794
2785 2808
3812 3843
4304 4305
1556 1558
995 996
4568 4580
179 181
1486 1499
3506 3507
758 760
197 198
2129 2130
2708 2709
3140 3157
1980 2007
1892 1894
471 474
1331 1332
4359 4362
3158 3174
1611 1615
1050 1053
3502 3509
921 939
2982 2985
3842 3843
1094 1096
2701 2706
533 534
3561 3564
3044 3045
1062 1063
2467 2475
2486 2488
2694 2703
4134 4136
1386 1389
3573 3574
825 827
264 265
4436 4437
869 870
71 72
1678 1682
2261 2262
600 601
4192 4198
1444 1451
410 440
3111 3112
363 365
781 878
3675 3679
4535 4537
1333 1354
665 666
1692 1701
936 937
1736 1744
3176 3177
4187 4204
1799 1800
1386 1402
3406 3410
1518 1521
4310 4311
1168 1179
4029 4032
1228 1230
827 886
1792 1797
1231 1235
1451 1467
3099 3115
3512 3513
1530 1531
1810 1814
4022 4029
4041 4042
433 437
713 720
732 733
3760 3763
1463 1477
753 792
1866 1867
3526 3532
945 962
1585 1588
3006 3008
4377 4378
1629 1631
1068 1069
787 790
4099 4104
3579 3580
4379 4387
831 833
957 972
2781 2782
1060 1070
3310 3311
562 564
1 2
4154 4161
4173 4174
606 607
3593 3599
4494 4495
1652 1655
3936 3938
1135 1136
3375 3376
2275 2277
1418 1424
337 338
340 343
2848 2849
4379 4400
4272 4274
251 271
3711 3712
402 403
569 580
2050 2051
1193 1198
1000 1032
766 865
2913 2914
3792 3822
115 117
3442 3443
4047 4048
2626 2628
4327 4331
738 739
3205 3207
476 510
1529 1534
3249 3250
2836 2852
4295 4298
3119 3140
3778 3779
450 457
469 470
4357 4358
4042 4054
735 855
3008 3043
900 922
2120 2123
2980 2981
1559 1561
2832 2854
761 763
33 61
4114 4115
530 867
524 527
3275 3279
3316 3317
4135 4137
568 570
7 8
1614 1618
2518 2519
1938 1944
536 537
1377 1382
3047 3048
3050 3053
3910 3911
343 344
2249 2250
4234 4237
3673 3675
3112 3113
2573 2576
74 75
4246 4247
3666 3672
357 363
2585 2586
3429 3436
3448 3449
7 21
1787 1788
3879 3901
70 77
3056 3110
3100 3116
3179 3180
837 892
3784 3785
475 476
821 884
702 704
4514 4533
2986 2987
1565 1567
1004 1005
4312 4318
4035 4040
1454 1470
3515 3516
767 769
206 207
2833 2893
3278 3280
716 723
3167 3183
479 487
2710 2715
542 543
4430 4431
3009 3011
2954 3075
2193 2196
598 852
2772 2775
1354 1360
4382 4390
2214 2218
834 836
273 274
4445 4446
3345 3347
3565 3579
2784 2785
3647 3648
1986 1987
3971 3974
609 610
2849 2850
3857 3872
328 331
3860 3877
3939 3941
3983 3984
1982 1989
2410 2436
3790 3818
4263 4267
674 675
94 100
1742 1748
2322 2323
2960 3068
4562 4563
2772 2788
1524 1525
726 727
3477 3479
3521 3522
747 786
98 111
2118 2119
1863 1866
442 446
741 742
3208 3210
3772 3777
3252 3253
3831 3832
674 688
3122 3143
3015 3017
2435 2442
2454 2455
453 460
2992 3033
2953 3078
840 842
4167 4168
726 740
2746 2748
3587 3593
2185 2186
4337 4350
2790 2791
3590 3598
1649 1654
1069 1079
3180 3205
1992 1993
10 11
4182 4183
1150 1152
3602 3608
334 337
1941 1947
2521 2522
3945 3947
2524 2527
4411 4420
1723 1724
302 304
2822 2864
925 926
68 73
3956 3961
2994 3092
3720 3721
2818 2866
2059 2060
1438 1447
2878 2880
4299 4300
756 861
4012 4014
3819 3848
2124 2125
703 705
2354 2358
3752 3794
1837 1839
3065 3093
677 689
3724 3732
2416 2418
3128 3149
2460 2461
2825 2882
906 926
4366 4367
2945 2947
3786 3792
1470 1493
909 931
802 805
1331 1334
770 772
814 815
2124 2138
964 988
2143 2151
16 17
2464 2472
3044 3047
3904 3905
1922 1923
1386 1391
2917 2942
264 267
4436 4439
1729 1730
308 310
2819 2821
2258 2259
2242 2251
3682 3684
3121 3122
3401 3405
1441 1448
3060 3112
1460 1461
23 33
2884 2886
83 84
1743 1749
363 367
662 663
841 894
3974 3977
3457 3458
3737 3741
2615 2617
2659 2660
3213 3246
998 999
2963 3071
3109 3125
3188 3189
1861 1862
440 442
827 888
1448 1464
4328 4330
200 201
2652 2657
1511 1520
2311 2327
4372 4373
2390 2391
1321 1359
1574 1576
2153 2155
3760 3765
2197 2198
776 778
215 216
4103 4104
495 499
3523 3529
753 794
2726 2727
145 157
1585 1590
1928 1929
3538 3544
3018 3020
1130 1131
3641 3642
2220 2222
1659 1660
4391 4399
843 845
2503 2510
1983 1986
861 862
4173 4176
1960 2002
1466 1467
3933 3935
3656 3657
2556 2558
1355 1370
1995 1996
1418 1426
2858 2859
4506 4507
1758 1760
2769 2787
3708 3709
399 400
4571 4572
2809 3088
402 405
1533 1534
750 859
2396 2397
1816 1822
735 736
155 161
4047 4050
3486 3488
4065 4067
4109 4110
3715 3725
2127 2128
1266 1274
3138 3155
750 751
3759 3768
469 472
1329 1330
4042 4056
3840 3841
3024 3026
162 177
3042 3043
1621 1623
571 870
2226 2228
1665 1666
288 289
3316 3319
4135 4139
3596 3602
4176 4177
867 868
3895 3898
3766 3784
3898 3903
3378 3379
2820 2822
2240 2247
3828 3844
4468 4470
3910 3913
343 346
1203 1204
1732 1733
2595 2596
2402 2430
934 935
524 542
1797 1798
3445 3446
3564 3626
136 137
7 23
4308 4309
2887 2889
3728 3734
139 142
1787 1790
825 884
1270 1271
2089 2091
2133 2134
151 152
431 435
475 478
2662 2663
2661 2667
2986 2989
3112 3128
1864 1865
487 488
915 935
1495 1510
4356 4363
3026 3061
1066 1067
2358 2373
937 953
1838 1849
3278 3282
3577 3578
2156 2158
1428 1456
2200 2201
3167 3185
4440 4441
479 489
1919 1922
2779 2780
1103 1107
542 545
2782 2785
25 26
2492 2494
604 605
3632 3635
4382 4392
3115 3116
1974 1979
317 319
704 728
3644 3645
335 336
4507 4508
940 941
1967 1976
3407 3409
29 37
1469 1470
2310 2315
3709 3710
2420 2446
2332 2333
3980 3981
4200 4213
1232 1234
3983 3986
4263 4269
2281 2287
1534 1535
3182 3183
2960 3070
2633 2675
1764 1768
4045 4046
2624 2626
884 901
2384 2385
1675 1696
4574 4575
1007 1008
1826 1828
1958 1984
449 451
1290 1296
209 210
3628 3650
4056 4060
899 916
2960 2962
2679 2683
1299 1301
1302 1306
3583 3584
2162 2164
3750 3761
1320 1360
3173 3191
759 798
224 225
3532 3538
951 968
223 229
2454 2457
3314 3315
1893 1895
1937 1938
4177 4178
3843 3844
276 277
2516 2517
1095 1097
4448 4449
1700 1702
1139 1140
2185 2188
3650 3651
341 342
3180 3207
733 866
2852 2853
290 296
3082 3086
1941 1949
1194 1197
3381 3382
633 635
72 73
1345 1366
2804 2812
4244 4245
677 678
1206 1207
3446 3447
648 650
3717 3718
4536 4538
969 971
408 409
3054 3108
2818 2868
3038 3100
1271 1272
2919 2920
3439 3444
4299 4302
4343 4345
3782 3783
2121 2122
700 702
791 820
2124 2127
4311 4312
4074 4076
3513 3514
1257 1266
677 691
2697 2699
4118 4119
3147 3164
3014 3049
2907 2923
4347 4356
1338 1339
3786 3794
4366 4369
928 946
3849 3850
688 705
1287 1293
540 541
2708 2713
4368 4415
2472 2473
2804 2946
1630 1632
1674 1675
1954 1958
3580 3581
13 14
832 834
4185 4186
964 990
16 19
2464 2474
1922 1925
3387 3388
2804 3067
78 79
2589 2590
1168 1170
8 20
607 608
30 38
3118 3119
3682 3686
414 415
2021 2025
2881 2883
2320 2321
584 597
943 944
3183 3184
3454 3455
706 708
145 146
4317 4318
2896 2898
3737 3743
1008 1009
2615 2619
1235 1237
2656 2657
4080 4082
2659 2662
3519 3520
2098 2100
3106 3122
3837 3866
1858 1859
4310 4315
4048 4049
660 713
4328 4332
4372 4375
931 947
477 511
3811 3813
1337 1369
1810 1818
2390 2393
4022 4033
414 428
1854 1861
1873 1874
4321 4329
773 775
3013 3015
212 213
2452 2453
4384 4385
1636 1638
1075 1076
495 501
4103 4106
4383 4389
4106 4111
4147 4149
3586 3587
145 159
3185 3243
838 840
277 278
2209 2210
1008 1022
1928 1931
2788 2789
3755 3773
551 554
4379 4391
1411 1412
3878 3880
1130 1133
3317 3318
569 571
613 614
3641 3644
4501 4502
1659 1662
2519 2520
203 221
2651 2676
3083 3087
2997 3084
3124 3125
3943 3945
1142 1143
2843 2846
2282 2284
435 463
4516 4517
668 671
2855 2856
4279 4281
2858 2861
3718 3719
1758 1762
2621 2625
2788 2802
399 402
4511 4523
1262 1265
4054 4055
420 461
893 910
2393 2394
2396 2399
2783 2808
3256 3257
155 163
1595 1596
174 176
1960 2017
3126 3147
3785 3786
743 858
1037 1039
1827 1838
3592 3593
1610 1611
2189 2190
3541 3547
4401 4405
738 864
812 813
2419 2423
1839 1848
3279 3281
3884 3886
3691 3720
3323 3324
14 15
1946 1947
1472 1502
1945 1951
3817 3832
288 291
3703 3730
1148 1149
3687 3722
3054 3055
306 308
158 181
784 872
4238 4239
2817 2819
2256 2257
0 9
2240 2249
2861 2862
3847 3859
2019 2021
3891 3902
3951 3953
2063 2064
642 644
81 82
4253 4254
1732 1735
2592 2593
4016 4018
575 590
2015 2023
2801 2932
3455 3456
1794 1795
373 375
4526 4534
357 367
3445 3448
2657 2658
996 997
2928 2929
825 886
3791 3792
1229 1235
2130 2131
1509 1518
129 136
3721 3733
2133 2136
3141 3158
3740 3746
2819 2878
1852 1857
4039 4042
1335 1338
3522 3523
774 776
4340 4384
1845 1854
2724 2725
1908 1910
915 937
1347 1348
4375 4378
247 249
1926 1927
3218 3233
3858 3859
1277 1289
4437 4438
3016 3018
3621 3623
2200 2203
4440 4443
999 1015
3060 3061
1963 1967
2823 2825
2262 2263
841 843
261 268
3872 3878
3352 3354
2791 2792
3632 3637
1694 1698
2554 2556
1974 1981
2598 2599
1177 1179
17 29
616 617
1756 1758
3688 3690
3127 3128
3407 3411
4267 4269
1970 1983
3990 3991
2890 2892
2269 2279
2310 2317
2329 2330
2609 2613
2332 2335
3192 3193
4282 4284
154 155
2394 2395
1401 1422
2384 2387
2368 2379
3247 3250
1826 1830
446 448
1867 1868
2686 2688
2834 2852
757 798
2730 2731
1309 1311
1069 1070
940 956
747 790
2159 2161
2830 2854
2723 2728
4330 4338
2162 2166
3129 3150
3022 3024
2461 2462
3173 3193
1084 1085
504 510
1471 1494
1663 1664
2936 2957
3595 3596
847 849
2454 2459
286 287
714 734
1934 1935
2753 2755
4174 4175
5 8
3358 3360
4177 4180
2797 2798
2217 2223
4404 4408
276 279
2516 2519
4448 4451
1700 1704
1139 1142
1999 2000
622 623
4510 4511
341 344
1948 1954
2528 2529
3180 3209
2852 2855
870 873
1730 1731
2335 2336
2741 2758
353 354
1194 1199
3381 3384
633 637
932 933
3425 3427
4392 4411
677 680
2284 2290
2864 2865
4004 4006
3727 3728
2627 2629
2066 2067
2929 2930
1829 1831
1268 1269
4299 4304
2919 2922
3779 3780
42 61
2817 2874
1283 1284
1604 1605
183 185
2423 2425
554 586
1046 1048
2653 2658
2694 2696
913 933
4373 4374
806 807
3144 3161
2996 2997
3014 3051
1426 1454
3767 3783
3550 3556
821 822
3288 3290
688 707
540 543
4428 4431
3332 3333
23 24
3911 3912
3095 3097
2534 2535
1374 1385
13 16
1692 1694
4185 4188
4405 4420
1736 1737
359 360
1966 1970
3387 3390
2826 2828
2265 2266
1467 1468
2239 2250
651 653
30 40
71 78
90 91
2891 2893
4539 4541
4542 4546
3962 3971
672 712
3741 3743
2320 2323
2364 2366
1803 1804
822 885
588 718
4342 4377
1333 1360
426 427
2666 2667
1566 1568
1005 1006
425 431
2684 2721
4184 4205
2656 2659
1455 1471
3516 3517
1020 1021
660 715
2248 2275
1341 1342
1060 1063
3512 3519
3171 3189
783 785
2431 2433
1810 1820
222 223
543 544
3530 3536
414 430
2733 2734
1633 1635
3804 3812
2496 2498
835 837
539 546
558 559
4446 4447
3025 3027
277 280
4165 4168
989 1011
1008 1024
3069 3070
1928 1933
1367 1371
2227 2229
2832 2834
251 264
2271 2272
3878 3882
3361 3363
1473 1474
3940 3942
3943 3947
3984 3985
3855 3871
2002 2003
1422 1428
1705 1716
2628 2630
195 224
4276 4278
406 407
2338 2339
4578 4579
2101 2103
1540 1541
2985 3089
163 164
2570 2581
4051 4052
4290 4297
742 743
4054 4057
1413 1436
3253 3254
1832 1834
763 802
3256 3259
4116 4117
2695 2697
3123 3144
155 165
2455 2456
1037 1041
1078 1079
3829 3831
775 812
2908 2926
3847 3848
280 281
4452 4453
3031 3033
2470 2471
1373 1377
2233 2235
3260 3270
1672 1673
572 574
723 743
2762 2764
3603 3609
874 875
1945 1953
3385 3386
3817 3834
3703 3732
867 872
2474 2482
3914 3915
347 348
1386 1437
3879 3894
4519 4520
4238 4241
3677 3679
69 74
2407 2428
3721 3722
2300 2302
4468 4474
1739 1740
1978 2022
4190 4200
2230 2243
4250 4251
2794 2810
941 942
572 587
4016 4020
143 144
575 592
2595 2600
2075 2076
3455 3458
4315 4316
3561 3625
2654 2655
1797 1802
2877 2929
1277 1278
3104 3120
1557 1561
479 480
2631 2644
3018 3053
1229 1237
2990 2991
2819 2880
3784 3791
771 773
3030 3063
494 495
4382 4383
600 662
3566 3568
4145 4147
17 18
1347 1350
1926 1929
2937 2956
549 552
1409 1410
309 311
3920 3921
611 612
2543 2544
2243 2252
3122 3123
1701 1703
4193 4201
3632 3639
4492 4497
84 85
4215 4219
2835 2837
4256 4257
947 948
3458 3459
1476 1477
660 662
4548 4550
1800 1803
3407 3413
1239 1241
1970 1985
3990 3993
3750 3752
101 109
2329 2332
2313 2324
3192 3195
1812 1813
2779 2797
745 854
1515 1526
1575 1577
154 157
1014 1015
1297 1303
3525 3526
777 779
2384 2389
216 217
4388 4389
2967 2969
2834 2854
710 725
4337 4343
2169 2171
3521 3528
2744 3082
3539 3545
4399 4403
2830 2856
2742 2743
1002 1018
548 582
3882 3884
1944 1945
4411 4413
844 846
1663 1666
283 284
1707 1709
2841 2870
1146 1147
2753 2757
3358 3362
2236 2238
2280 2281
1419 1427
1482 1483
61 63
4510 4513
3949 3951
1201 1204
640 642
1951 1961
1992 1999
3712 3715
1774 1776
573 588
1213 1214
4285 4287
1704 1717
3724 3725
976 978
415 416
3042 3102
3487 3489
4350 4352
1549 1550
3789 3790
2689 2691
1268 1271
707 709
691 701
3139 3156
902 921
3262 3263
4081 4083
791 824
3545 3551
2143 2144
2464 2465
1043 1045
661 714
3154 3171
4181 4206
4373 4376
806 809
932 948
2996 2999
3856 3857
1855 1862
1108 1110
2479 2480
2759 2763
818 819
3058 3059
2910 2932
821 824
628 658
1101 1107
1681 1682
4148 4150
1400 1403
20 21
3332 3335
1671 1674
3911 3914
3202 3225
2534 2537
1973 1975
252 263
2017 2018
983 1007
4484 4486
1736 1739
2744 2761
2596 2597
1175 1177
3923 3924
359 362
1219 1220
2246 2255
3686 3688
2265 2268
3125 3126
377 379
3276 3295
3969 3976
421 422
2888 2890
2932 2933
530 594
950 951
3978 3981
3962 3973
3167 3244
1233 1239
3461 3462
713 715
152 153
4324 4325
2364 2368
2823 2882
2663 2664
1242 1244
1286 1287
3526 3527
3113 3129
3753 3755
1865 1866
664 715
3157 3172
1439 1465
938 954
251 253
3862 3863
3468 3478
1880 1881
2721 2726
4309 4323
780 782
2932 2946
3212 3229
1063 1070
3593 3594
993 1011
845 847
2216 2217
3224 3239
2496 2500
22 56
555 556
2795 2796
3542 3548
1418 1419
1005 1021
3885 3887
3929 3930
1928 1935
1181 1183
620 621
3692 3694
1710 1712
1949 1994
1754 1755
720 744
2034 2038
2333 2334
956 957
1343 1366
3984 3987
2981 3080
2862 2863
114 116
4286 4288
158 159
3186 3189
2625 2627
2669 2670
4279 4285
406 409
3198 3199
2816 2868
2340 2350
2400 2401
979 981
944 960
1023 1024
622 680
1303 1307
3490 3492
1602 1603
4334 4342
1605 1608
4311 4358
763 804
1617 1618
1938 1939
2029 2057
3548 3554
3028 3030
4452 4455
3891 3893
2470 2473
3330 3331
2230 2232
1953 1954
2233 2237
292 293
2532 2533
4464 4465
1155 1156
1435 1439
3666 3667
918 920
357 358
1964 1968
2005 2006
2824 2826
3385 3388
4176 4183
3429 3431
2868 2869
2288 2294
3895 3904
886 887
347 350
4519 4522
3397 3398
649 651
693 694
4581 4582
2599 2600
1783 1785
2003 2017
2583 2592
1801 1802
2406 2407
985 987
4013 4017
424 425
14 32
2935 2936
2698 2700
1277 1280
3684 3697
2137 2138
769 810
788 823
3835 3866
4308 4315
3148 3165
760 761
3000 3001
1339 1340
3018 3055
3491 3504
3510 3517
929 947
412 428
1052 1054
3292 3294
2192 2195
3030 3065
2923 2939
2942 2952
3802 3810
1675 1676
254 256
3225 3240
3865 3866
1117 1119
2204 2205
4444 4445
4189 4192
3795 3807
987 1009
2830 2832
29 30
2269 2270
4201 4202
892 893
2543 2546
3403 3404
3683 3687
3850 3864
2649 2676
94 95
1742 1743
2995 3084
973 1003
1981 1988
2561 2563
2220 2270
2605 2606
2025 2031
623 624
84 87
2255 2264
3695 3697
2037 2041
1520 1522
1327 1356
959 960
2660 2663
1538 1539
3838 3867
161 162
441 445
1232 1240
745 856
2672 2673
1512 1523
1323 1358
3472 3480
935 953
1534 1541
761 800
1294 1300
3064 3133
497 498
1464 1482
4385 4386
2964 2966
3805 3811
1076 1077
4388 4391
947 963
3808 3816
3587 3588
2166 2168
3029 3031
4040 4058
1412 1413
3602 3603
3822 3835
854 856
2502 2504
293 294
4181 4182
3365 3367
3752 3776
3815 3832
3613 3617
3938 3939
3764 3786
629 630
4517 4518
3187 3216
3140 3141
3606 3614
2342 2343
921 923
2789 2803
360 361
4248 4249
681 682
3432 3434
2871 2872
123 125
4055 4056
2073 2074
72 79
2353 2357
1257 1259
770 875
696 697
3988 4002
3446 3453
1549 1552
2409 2410
1829 1835
691 703
2172 2174
3719 3733
190 192
2817 2878
2903 2918
902 923
3782 3789
602 631
234 235
2641 2652
4122 4123
2140 2141
813 814
4125 4128
3564 3566
123 138
2143 2146
2464 2467
3324 3325
1903 1905
3513 3520
1666 1669
828 829
3339 3340
4180 4185
4347 4362
2239 2241
30 31
1678 1679
3918 3919
3190 3217
609 647
1662 1671
1120 1122
1400 1405
2304 2306
3675 3676
643 645
4254 4255
2833 2835
3674 3680
1175 1179
4203 4209
2079 2080
418 419
2608 2609
3839 3868
1810 1811
3102 3117
994 996
433 434
4321 4322
2958 3072
1012 1013
4324 4327
2944 2945
196 198
4084 4086
3113 3131
1285 1293
3116 3136
3157 3174
2016 2037
2802 2946
1909 1911
3519 3526
3538 3539
938 956
3859 3860
1877 1878
550 551
2441 2445
3301 3303
1580 1591
200 209
3061 3062
842 844
2373 2395
4453 4454
1012 1026
196 211
970 1029
3076 3077
3917 3922
1336 1352
1415 1416
3655 3656
2839 2841
2278 2279
1997 2000
617 618
3368 3370
40 48
3412 3413
1754 1757
3080 3088
2333 2336
1772 1774
548 868
1816 1817
3722 3723
2906 2908
2345 2346
3485 3487
2669 2672
4276 4282
1547 1548
731 733
170 171
4058 4059
4061 4064
2681 2682
3481 3489
2340 2352
2400 2403
3260 3261
622 682
1883 1884
3130 3151
1602 1605
3001 3037
4334 4344
3754 3769
4053 4065
505 511
851 919
529 868
3275 3276
3596 3597
1614 1615
3038 3040
2625 2642
2905 2925
2798 2799
816 817
1361 1371
1140 1143
3592 3599
3330 3333
969 1032
4322 4347
2813 2814
2233 2239
3200 3223
3654 3659
1672 1677
3392 3393
1155 1158
2015 2016
1435 1441
915 917
4526 4527
2244 2253
4289 4291
3728 3729
2307 2309
2587 2592
6 22
2351 2352
4257 4258
1553 1554
2599 2602
2019 2027
670 712
2082 2083
2661 2662
424 427
1284 1285
795 828
468 470
4315 4320
3735 3745
3795 3796
4075 4079
2418 2419
1497 1514
1576 1578
2417 2423
760 763
3000 3003
1620 1621
1427 1455
1900 1904
1339 1342
2631 2648
778 780
1430 1460
822 823
2413 2425
3012 3013
1912 1914
4152 4154
1351 1352
4196 4197
2775 2777
2214 2215
1675 1678
3222 3237
2535 2536
3285 3293
2538 2541
2204 2207
4444 4447
3927 3928
2550 2551
3577 3586
1409 1414
2250 2259
889 890
3129 3130
1752 1753
4219 4221
652 654
31 41
91 92
2782 2793
4263 4264
75 84
954 955
3834 3858
3982 3985
2633 2670
2220 2272
2979 3078
3421 3423
4026 4028
1404 1420
3465 3466
843 895
1763 1767
4215 4223
667 669
4555 4557
3994 3995
193 224
430 433
1290 1291
2257 2275
4318 4321
3757 3759
3196 3197
4330 4331
1582 1584
2948 3068
1021 1022
620 678
4049 4052
485 490
2672 2675
3532 3533
2111 2113
1531 1538
2957 3073
223 224
2155 2156
4395 4396
2974 2976
761 802
2734 2735
3166 3183
1357 1358
4385 4388
741 860
559 560
2952 3079
1009 1025
3070 3071
1088 1089
508 514
3599 3600
2231 2235
2272 2273
4163 4167
290 291
4462 4463
293 296
4181 4184
3664 3665
3875 3885
2287 2288
626 627
2866 2867
4218 4224
629 632
1489 1490
4517 4520
2887 2926
4000 4001
2339 2340
2342 2345
3202 3203
2789 2805
360 363
4248 4251
681 684
3050 3105
2291 2299
3731 3732
2571 2582
983 985
3822 3850
4011 4015
2915 2917
1027 1028
3494 3496
853 875
2073 2076
2353 2359
2785 2807
4376 4409
4023 4025
2135 2136
3146 3163
758 759
2365 2369
2929 2936
2629 2644
779 818
1892 1893
4132 4133
3552 3558
1611 1614
2903 2920
1050 1052
1094 1095
4122 4125
1374 1378
252 254
4424 4426
296 297
2467 2474
2486 2487
1386 1388
825 826
1477 1506
828 831
1688 1689
3336 3337
27 28
1319 1334
2759 2767
11 20
609 649
1662 1673
3962 3964
1161 1162
3401 3402
3832 3854
363 364
781 877
4535 4536
2253 2262
3693 3695
3737 3738
2316 2318
1755 1756
2596 2601
428 429
15 31
2035 2039
2895 2897
3566 3627
4206 4216
2939 2940
957 958
418 421
2028 2036
3468 3469
720 722
2652 2654
764 765
1810 1813
1230 1238
2670 2671
1510 1521
3760 3762
3804 3805
1056 1058
495 496
4383 4384
2666 2673
3113 3133
945 961
1585 1587
3006 3007
1629 1630
488 493
2769 2771
3516 3523
2208 2209
787 789
732 853
831 832
3282 3292
2828 2856
3581 3588
33 34
2223 2224
562 563
2934 2959
4154 4160
2414 2435
1425 1426
1012 1028
3073 3074
325 327
4497 4499
3936 3937
2836 2838
847 897
2275 2276
1679 1693
898 899
3138 3139
617 620
2041 2045
40 50
100 101
963 964
1391 1411
1971 1986
3474 3475
420 456
1492 1493
2632 2634
1403 1421
2676 2677
114 120
1015 1016
2905 2914
2389 2391
2836 2851
687 692
1528 1537
1547 1550
2968 2970
2407 2408
3119 3139
1030 1031
450 456
3497 3499
4042 4053
735 854
1609 1610
2101 2109
900 921
793 795
2400 2405
232 233
3260 3263
4120 4121
4123 4126
2743 2744
1322 1324
1366 1367
225 230
3492 3505
1945 1946
524 526
568 569
4456 4457
2474 2475
1298 1317
1377 1381
2237 2239
816 819
299 300
4471 4472
4190 4193
62 64
4234 4236
2813 2816
2233 2241
3654 3661
3673 3674
1952 1962
556 572
635 636
2875 2876
4009 4010
2307 2311
1790 1792
1229 1230
129 131
2369 2371
3100 3115
1553 1556
560 583
992 994
579 596
431 432
4300 4307
4319 4320
752 753
4322 4362
2942 2943
194 196
4514 4532
773 812
3452 3459
4312 4317
2144 2145
1328 1330
3155 3172
3278 3279
2698 2704
3857 3858
1620 1623
4068 4078
2480 2481
2199 2202
2010 2037
630 655
1103 1104
3570 3572
2949 2959
3210 3229
1682 1683
3834 3847
4433 4435
3872 3873
4193 4194
2772 2774
991 1011
2214 2217
3584 3591
2837 2839
36 37
1176 1178
3927 3930
3410 3411
2269 2274
1689 1699
1749 1750
2401 2430
3860 3876
951 952
4263 4266
3702 3704
1742 1747
2633 2672
3421 3425
3746 3747
2948 2949
2368 2374
966 967
1246 1250
4038 4040
3477 3478
3738 3748
168 169
3196 3199
448 452
489 490
2679 2680
98 110
939 955
736 855
620 680
1881 1882
1065 1067
504 505
2971 2973
1083 1084
3015 3016
2734 2737
3594 3595
2173 2175
2885 2906
796 798
1936 1939
840 841
726 739
1419 1420
3697 3723
3590 3597
3609 3610
42 43
1948 1949
3819 3834
1711 1713
1150 1151
721 745
3147 3148
3427 3431
1486 1487
2005 2052
1489 1492
68 72
109 110
3956 3960
688 689
4000 4003
2878 2879
756 860
2773 2799
2792 2812
2685 2686
3819 3847
703 704
3731 3734
3775 3777
554 581
3214 3215
1887 1888
3793 3794
677 688
4398 4399
2977 2979
2416 2417
3128 3148
2135 2138
1039 1040
2179 2181
758 761
197 199
909 930
802 804
241 242
4129 4130
3549 3555
2692 2702
3700 3724
2752 2753
4132 4135
4 6
3158 3175
580 876
3334 3337
1954 1955
533 535
1673 1676
1112 1114
3825 3840
3044 3046
4184 4187
3907 3909
1474 1503
3346 3347
3194 3219
3667 3668
1685 1686
3777 3799
869 871
3276 3288
2009 2012
887 888
2242 2250
3682 3683
2021 2022
3060 3111
4393 4418
3832 3856
1444 1452
2884 2885
410 441
1463 1465
1963 2017
363 366
2603 2606
1223 1224
4535 4538
841 893
2647 2649
2086 2087
665 667
1692 1702
986 988
425 426
2016 2028
2615 2616
2315 2324
2378 2380
418 423
3109 3124
2422 2423
4029 4033
440 441
4309 4316
4328 4329
1580 1582
1451 1468
764 767
2951 2952
203 205
1810 1815
4091 4093
3530 3531
801 834
713 721
3164 3181
776 777
1355 1356
3526 3533
2146 2151
3866 3867
708 727
2148 2160
2208 2211
787 791
3068 3069
3175 3195
2939 2955
1691 1692
1070 1079
3282 3294
2828 2858
849 851
3562 3577
4161 4165
2781 2783
3581 3590
893 894
1060 1071
3921 3924
2011 2047
3083 3084
3404 3405
1422 1423
606 608
1406 1415
1960 2001
3854 3870
2285 2286
3873 3883
3933 3934
1185 1187
624 625
2776 2789
2275 2278
3699 3703
1758 1759
3998 3999
2038 2042
2769 2786
2621 2622
188 216
4489 4502
2340 2343
960 961
1971 1988
1823 1824
402 404
162 163
1000 1033
420 458
2913 2915
4334 4335
750 858
155 160
177 178
4065 4066
1465 1483
2905 2916
1336 1369
742 859
1468 1488
948 964
3138 3154
450 458
1890 1891
4357 4359
513 514
4401 4402
232 235
1092 1093
4120 4123
3263 3270
4123 4128
3603 3604
2182 2184
1621 1622
2226 2227
3045 3047
1885 1897
2805 2806
1475 1504
4135 4138
2808 2811
1428 1429
4456 4459
3895 3897
3898 3902
2518 2520
630 631
3658 3661
3188 3217
3141 3142
1159 1160
343 345
563 577
2583 2585
2022 2023
1442 1448
3670 3671
361 362
760 862
3654 3663
4533 4534
4252 4255
1416 1432
1495 1496
3735 3736
2594 2599
596 875
1945 1961
2077 2080
697 698
76 85
3448 3450
1560 1561
1787 1789
4027 4029
460 462
570 593
4071 4072
2089 2090
2410 2411
3100 3117
560 585
4020 4026
799 830
752 755
3783 3790
3162 3177
3802 3803
2381 2383
2661 2666
2986 2988
3565 3567
3004 3005
2949 3069
4356 4362
1627 1628
206 208
250 251
3278 3281
4138 4139
2436 2440
4068 4080
419 437
1320 1333
1919 1921
3340 3341
1358 1359
1103 1106
1963 1964
2782 2784
1121 1123
1165 1166
544 553
3632 3634
4495 4497
367 368
534 545
3395 3398
2834 2836
2557 2558
2405 2430
896 897
1740 1747
3927 3932
3407 3408
98 99
2983 3080
2310 2314
3857 3873
3989 3992
2609 2610
4200 4212
1232 1233
831 889
3472 3473
4263 4268
3103 3118
674 676
4562 4564
2960 3069
1814 1817
1297 1298
884 900
1508 1518
2368 2376
3808 3809
1826 1827
2147 2148
3117 3137
2955 3075
448 454
4100 4102
492 497
2679 2682
3520 3527
3539 3540
2379 2390
4339 4384
2162 2163
3302 3304
1881 1884
721 734
1065 1069
1364 1365
951 967
223 228
3875 3876
1127 1129
566 567
3077 3078
1095 1096
840 843
1375 1379
3587 3594
3606 3607
3177 3201
902 903
1069 1080
3369 3371
2020 2056
733 865
104 105
1711 1715
3803 3828
1150 1153
334 338
2574 2578
1194 1196
633 634
1345 1365
1496 1497
3144 3145
4376 4400
2268 2279
4007 4008
2346 2347
890 906
1788 1790
3054 3107
3038 3099
4299 4301
171 172
4343 4344
2922 2924
1034 1035
621 637
1261 1263
3501 3503
4062 4065
3545 3546
2124 2126
4074 4075
2914 2925
1326 1328
3276 3277
2460 2462
1899 1900
3707 3729
4366 4368
1599 1608
3039 3041
3786 3793
238 239
1470 1494
2478 2479
3568 3570
820 823
4132 4137
2752 2755
1979 2014
303 304
2770 2772
1954 1957
2921 2941
2814 2815
832 833
1112 1116
1437 1438
3904 3906
4206 4207
639 640
18 27
4527 4528
2917 2943
1729 1731
1168 1169
1968 1976
2009 2014
2740 2758
1967 2017
1432 1444
370 371
4542 4543
3382 3393
1233 1234
2881 2882
4305 4307
3744 3745
1743 1750
1223 1226
2083 2084
841 895
2647 2651
706 707
2946 2947
1525 1527
1285 1286
1676 1696
3737 3742
2615 2618
4080 4081
2659 2661
3106 3121
3799 3802
1325 1358
998 1000
3109 3126
3282 3283
1281 1288
200 202
3811 3812
1063 1065
483 490
502 503
801 836
1854 1860
3574 3576
3013 3014
1636 1637
1916 1920
495 500
2776 2778
4103 4105
2215 2216
4106 4110
4367 4380
838 839
3349 3350
3588 3595
3175 3197
3755 3772
40 41
2507 2509
1691 1694
657 683
1130 1132
569 570
1410 1415
3641 3643
2651 2675
851 899
2503 2511
3943 3944
4264 4265
2282 2283
1960 2003
3854 3872
3706 3708
905 906
3933 3936
2776 2791
3416 3417
2048 2052
668 670
107 108
2973 3076
4279 4280
1758 1761
2618 2619
2690 2724
399 401
471 506
1823 1826
443 444
2683 2684
1262 1264
1022 1023
4334 4337
893 909
3773 3775
3817 3818
2396 2398
1816 1823
155 162
2975 2977
1834 1840
3019 3020
177 180
1037 1038
2029 2052
2908 2923
3548 3549
907 928
4348 4356
800 802
4389 4394
1827 1837
2750 2751
150 168
1329 1331
4357 4361
4369 4415
1373 1374
1092 1095
1952 1953
3691 3719
4164 4168
575 576
162 178
3042 3044
1472 1501
3596 3603
2288 2289
3687 3721
306 307
1818 1845
3879 3891
911 912
3898 3904
2817 2818
2221 2235
3828 3845
4241 4243
607 649
3680 3681
1159 1162
2019 2020
2583 2587
2022 2025
642 643
1782 1784
361 364
779 877
1221 1222
3153 3154
3032 3093
4252 4257
4293 4295
4016 4017
1416 1434
2402 2431
3735 3738
2355 2356
772 874
3218 3219
577 598
1797 1799
3044 3103
3564 3627
1557 1558
4308 4310
4569 4580
999 1001
4068 4069
2089 2092
2930 2937
2949 2950
2410 2413
2133 2135
1572 1573
799 832
472 474
1852 1856
475 479
2756 2757
922 939
774 775
2812 3066
1098 1101
4126 4131
3004 3007
3864 3865
3048 3050
1627 1630
2487 2488
1110 1111
2436 2442
1689 1690
312 313
1919 1923
4200 4201
2779 2781
2823 2824
2542 2545
525 542
2025 2026
604 606
3632 3636
43 44
4196 4203
4215 4216
194 213
2554 2555
1974 1980
3395 3400
3417 3418
17 28
2317 2319
1737 1744
335 337
2408 2437
1759 1762
3407 3410
4207 4217
3066 3080
1519 1521
958 959
4251 4260
2890 2891
2310 2316
3709 3711
142 144
2807 3085
2609 2612
2967 3074
2681 2717
4033 4037
4263 4270
2955 2956
1814 1819
434 437
1401 1421
1294 1295
805 838
3484 3485
3805 3806
2368 2378
606 665
1826 1829
2686 2687
2106 2112
2147 2150
946 962
817 848
1290 1297
624 682
1309 1310
3010 3013
4056 4061
489 494
4381 4383
492 499
2679 2684
2940 2954
4399 4400
958 972
3022 3023
3601 3602
4332 4346
724 741
2224 2225
803 805
223 230
4155 4161
566 569
1426 1427
5 7
3358 3359
4177 4179
610 612
3597 3604
4498 4500
49 50
3937 3938
1139 1141
3826 3841
1718 1720
341 343
4229 4231
3952 3953
2852 2854
3154 3155
2741 2757
1194 1198
633 636
1493 1494
2905 3094
677 679
2917 2919
484 513
116 117
4565 4567
4004 4005
695 696
3427 3435
2346 2349
1829 1830
480 515
3700 3715
1271 1273
3120 3140
4299 4303
3221 3222
621 639
901 922
4361 4363
2105 2115
2124 2128
4405 4406
2984 2986
2744 2745
4055 4064
1046 1047
2186 2188
1458 1486
4118 4120
1086 1089
1496 1512
809 811
248 249
2696 2704
4136 4137
528 532
3767 3782
11 13
2478 2481
3338 3339
2522 2524
1961 1962
2128 2139
4428 4430
2411 2427
3051 3053
3892 3898
1163 1164
3095 3096
3674 3675
832 835
1437 1440
2297 2298
3563 3578
2747 2763
3667 3672
1499 1500
3966 3968
358 363
8 21
3048 3105
2308 2312
2891 2892
4539 4540
1791 1793
370 373
4542 4545
414 416
2093 2094
3741 3742
993 995
4305 4309
432 433
3725 3734
2364 2365
4024 4030
588 717
1566 1567
4184 4204
4036 4040
4316 4323
768 769
147 156
4080 4083
465 502
2958 2959
1842 1852
1281 1290
2248 2274
4142 4143
4328 4333
2160 2161
783 784
1923 1925
4390 4393
1633 1634
3873 3874
3057 3059
2496 2497
2883 2906
4383 4390
2215 2218
835 836
1074 1081
989 1010
4209 4210
3755 3774
3175 3199
2227 2228
900 901
3928 3931
2832 2833
3411 3412
1429 1430
1948 1995
613 615
2034 2035
2853 2855
3861 3877
1192 1194
51 57
3943 3946
376 379
3703 3705
3794 3823
3214 3248
2628 2629
195 223
4276 4277
967 968
4279 4282
2992 3091
610 667
1830 1831
1417 1433
3478 3479
754 860
1461 1476
2101 2102
2920 2922
4341 4342
2680 2681
443 446
4290 4296
3773 3777
1813 1820
2764 2796
3256 3258
2695 2696
155 164
3835 3837
1037 1040
2845 2869
1897 1898
797 799
1449 1479
520 521
4408 4409
1099 1100
4127 4130
3031 3032
670 694
3610 3611
2901 2922
4401 4406
738 865
2233 2234
572 573
723 742
1435 1436
4466 4471
2465 2476
3946 3947
2525 2527
1945 1952
1964 1965
3665 3668
208 232
867 871
3148 3149
306 309
567 579
1771 1772
3677 3678
69 73
2861 2863
607 651
973 974
3058 3111
1502 1503
4013 4014
603 653
704 705
2402 2433
2801 2933
3455 3457
3735 3740
1567 1568
1794 1796
1797 1801
4078 4079
2657 2659
2877 2928
2978 2980
3104 3119
788 820
996 998
2417 2418
4569 4582
910 931
242 243
3141 3159
2993 2995
2432 2433
799 834
1332 1334
3572 3574
4319 4326
2970 3011
2756 2759
1634 1635
4340 4385
1397 1399
836 837
3284 3292
2768 2769
3218 3234
4437 4439
309 310
4481 4482
1733 1735
1172 1173
2823 2826
2243 2251
3683 3684
1701 1702
2025 2028
1445 1453
2885 2886
4492 4496
903 904
1508 1509
3975 3977
534 549
2774 2789
1227 1230
666 668
17 30
2971 3074
1677 1695
2317 2321
4277 4278
1756 1759
1195 1197
835 891
1239 1240
3750 3751
142 146
1002 1004
2609 2614
441 442
2681 2719
3192 3194
1452 1469
2892 2902
1304 1305
891 907
2312 2327
2952 2953
3815 3816
1814 1821
2154 2155
805 840
1278 1289
1297 1302
3165 3182
4344 4345
2384 2388
1596 1598
2368 2380
592 732
1507 1526
3527 3534
817 850
4151 4152
624 684
2730 2732
729 737
2169 2170
3697 3716
508 509
4399 4402
1002 1017
3882 3883
4162 4166
3645 3647
844 845
3084 3085
1663 1665
2936 2958
1707 1708
1987 1991
3594 3601
3613 3614
46 47
3358 3361
2217 2224
1016 1036
782 869
909 910
1356 1370
1700 1705
4368 4392
3420 3421
1419 1426
2578 2580
1976 2017
1762 1765
3949 3950
2622 2623
640 641
3712 3714
104 109
2989 3090
447 448
573 587
633 638
2914 2916
2353 2354
3752 3786
897 913
976 977
4004 4007
1256 1260
695 698
1555 1556
178 179
4350 4351
2689 2690
1268 1270
2761 2795
3035 3098
672 687
3552 3553
451 459
1891 1892
470 472
3142 3160
514 515
4402 4403
739 862
1604 1606
1824 1838
2703 2709
1906 1907
913 934
4373 4375
806 808
1669 1671
1108 1109
695 711
2740 2749
3600 3607
3619 3620
310 311
3338 3341
2242 2243
540 544
581 582
2821 2822
1680 1685
1444 1445
3911 3913
1163 1166
3350 3351
4194 4201
646 647
252 262
3157 3158
1736 1738
1175 1176
3686 3687
2359 2360
938 940
377 378
4549 4550
982 983
528 547
2589 2593
3969 3975
2028 2031
2888 2889
3729 3734
140 142
1511 1512
3751 3752
184 185
3212 3215
829 889
2090 2091
669 671
3962 3972
2093 2096
713 714
432 435
3145 3161
2691 2725
3224 3225
476 478
2666 2668
926 943
1566 1569
2426 2427
604 663
2684 2722
2964 3005
3289 3290
815 846
1288 1295
4316 4325
207 209
1439 1464
3818 3819
251 252
4139 4140
4142 4145
1341 1343
3020 3021
1643 1644
1063 1069
4110 4112
3530 3537
4390 4395
4154 4155
2496 2499
3356 3357
47 48
3787 3809
1698 1701
277 281
318 319
2558 2559
1181 1182
3629 3637
3692 3693
4511 4513
1971 1981
383 384
3411 3414
33 42
2894 2895
912 913
3984 3986
3423 3424
114 115
4374 4400
3214 3250
4286 4287
2285 2292
1705 1717
3186 3188
1765 1768
1336 1362
2628 2631
1248 1249
3488 3489
2388 2390
4279 4284
1247 1253
1959 1984
610 669
450 451
2961 2962
4290 4298
2163 2164
1413 1437
3026 3027
1605 1607
3253 3255
4053 4062
2912 2925
1365 1366
1456 1484
3536 3543
3123 3145
1368 1371
155 166
3555 3556
807 809
2455 2457
3876 3877
4396 4401
2826 2858
3318 3320
589 852
2757 2758
2218 2221
2029 2056
4329 4347
1380 1381
3891 3892
2230 2231
2469 2476
2901 2924
3654 3656
3780 3795
1372 1382
3603 3610
2856 2858
2295 2296
874 876
2465 2478
3429 3430
3876 3890
2587 2589
1386 1438
2007 2014
1771 1774
1210 1212
69 75
1789 1791
973 976
3160 3161
412 414
131 135
2583 2591
2362 2363
3225 3226
603 655
1564 1565
4315 4317
187 188
4075 4076
2654 2656
2657 2661
2698 2699
3280 3283
1900 1901
479 481
551 586
1342 1344
929 946
2990 2992
1102 1103
4414 4417
3853 3855
1852 1860
2805 2946
692 710
3292 3293
544 546
4319 4328
3616 3619
3055 3057
2475 2482
2494 2495
1955 1958
3206 3226
1117 1118
965 990
3628 3629
3848 3861
1967 1968
4207 4208
2937 2957
1409 1411
1172 1175
2032 2033
611 613
4499 4501
4543 4544
374 377
2561 2562
3166 3167
1763 1764
1183 1189
2368 2369
3975 3979
3395 3404
386 387
2897 2898
4037 4039
668 716
1800 1804
2660 2662
1239 1242
2099 2100
469 506
101 110
722 723
2962 2963
601 662
1301 1302
2892 2904
1471 1484
935 952
2435 2436
1294 1299
733 737
2718 2724
3064 3132
1637 1638
496 501
3808 3815
3827 3828
740 861
2166 2167
839 840
710 726
1459 1487
3353 3356
1519 1538
3539 3546
2231 2232
1002 1019
854 855
2013 2046
1925 1933
3365 3366
56 57
1704 1705
3944 3945
2523 2525
1943 1950
3815 3831
1707 1710
2567 2568
1987 1993
906 907
436 463
782 871
1769 1770
348 350
2648 2678
2840 2848
4280 4281
2859 2861
2298 2299
2903 2904
640 643
1500 1501
2105 2106
4512 4523
123 124
2810 3090
4011 4012
3030 3093
4575 4579
3195 3197
2634 2635
894 910
3774 3776
2353 2356
770 874
2397 2399
1817 1824
2743 2807
415 417
3042 3103
695 700
3988 4001
1555 1558
459 460
4347 4348
1599 1601
1038 1039
4350 4353
3770 3778
2689 2692
3549 3550
908 929
2172 2173
3139 3157
1979 2007
2991 2993
4343 4350
1330 1332
1374 1375
739 864
3545 3552
3564 3565
2464 2466
1843 1853
1903 1904
576 577
3327 3329
2766 2767
2529 2531
1108 1111
1968 1969
3619 3622
4479 4480
3058 3060
2478 2485
3338 3343
3102 3103
2821 2824
1400 1404
1441 1442
2865 2867
3832 3851
3892 3902
2304 2305
3911 3915
4191 4198
643 644
646 649
85 87
1736 1740
2744 2762
576 590
4017 4018
2035 2036
4187 4200
2359 2362
4546 4547
77 88
528 549
1842 1843
2888 2891
1791 1797
1450 1467
1510 1518
1233 1240
2134 2136
1513 1523
152 154
2958 3071
4305 4313
196 197
4084 4085
476 480
1336 1338
775 776
2974 3015
3507 3515
3806 3811
604 665
2706 2712
664 716
1285 1292
3157 3173
2964 3007
3286 3287
1849 1859
2016 2036
815 848
1909 1910
1067 1069
1930 1932
3301 3302
2721 2727
4142 4147
4441 4443
3212 3230
4485 4486
2503 2504
842 843
2915 2943
2827 2830
1406 1410
993 1012
3873 3878
1705 1706
605 607
2496 2501
1336 1351
4216 4217
2839 2840
1679 1690
258 270
1997 1999
1181 1184
620 622
3087 3090
1760 1763
380 381
3692 3695
4552 4553
3131 3133
1971 1983
1243 1244
4271 4274
3710 3712
2034 2039
3754 3755
2333 2335
1772 1773
1343 1367
4283 4284
974 975
4046 4048
438 443
1465 1478
3485 3486
2669 2671
3469 3478
2108 2109
4348 4349
1827 1830
2687 2688
1291 1298
4338 4341
3137 3153
4042 4050
153 166
2340 2351
3821 3822
619 639
512 513
944 961
4104 4110
1303 1308
2163 2166
1583 1591
3023 3024
1602 1604
2982 3023
4334 4343
3174 3193
1006 1021
1646 1647
3026 3029
505 510
529 867
2764 2800
804 806
615 641
1516 1537
4415 4416
848 849
2455 2459
1834 1846
2826 2860
3038 3039
3879 3884
1298 1314
1938 1940
239 246
1959 1999
579 580
3891 3894
2151 2169
2003 2005
1442 1443
3181 3209
3654 3658
4514 4516
3953 3954
1372 1384
2232 2242
915 916
3155 3156
2745 2763
2786 2801
4245 4247
2244 2252
3684 3685
117 118
4289 4290
774 876
2288 2295
980 981
3491 3492
1509 1510
1789 1793
1833 1836
4020 4021
1272 1274
4300 4304
2003 2018
3443 3451
3222 3223
1801 1803
2881 2930
2406 2408
4085 4086
1564 1567
2424 2425
4315 4319
3735 3744
1608 1610
1047 1048
766 769
1497 1513
2137 2139
3558 3559
810 812
3797 3804
3148 3166
4421 4422
3000 3002
1427 1454
1339 1341
2631 2647
778 779
1430 1459
2763 2766
1102 1105
2413 2424
692 712
4152 4153
585 586
3222 3236
1114 1115
2538 2540
1958 1965
4324 4381
1977 1978
3625 3626
4444 4446
316 317
3628 3631
987 1010
4488 4489
1740 1742
1179 1180
3690 3691
1408 1417
2313 2314
4219 4220
652 653
31 40
2892 2893
1515 1516
94 96
2649 2677
4543 4546
374 379
1981 1989
2561 2564
2633 2669
3421 3422
673 675
3834 3857
4026 4027
2044 2045
717 718
4196 4209
1763 1766
3228 3229
1246 1247
430 432
1570 1573
3757 3758
4037 4041
1327 1357
1053 1054
1997 2054
469 508
1582 1583
3822 3823
4049 4051
2681 2723
1301 1304
4093 4094
745 857
3472 3481
1304 1309
1345 1347
3172 3189
784 785
3752 3764
3796 3807
547 549
3534 3541
953 971
3064 3134
3805 3812
997 1014
2497 2498
1939 1941
2952 3078
2238 2274
3571 3581
1009 1024
322 323
1929 1933
4040 4059
2512 2513
192 213
3179 3205
3091 3092
3822 3836
702 729
3362 3363
3689 3721
1994 1998
614 616
3601 3608
53 54
3365 3368
3812 3828
37 46
916 917
3427 3428
698 731
1706 1716
2330 2334
4517 4519
1769 1772
389 390
3956 3957
1252 1253
2298 2301
3158 3159
410 412
2342 2344
1781 1782
3482 3485
681 683
2921 2923
2792 2809
1484 1495
2965 2966
1544 1546
123 126
2571 2581
983 984
4011 4014
4055 4057
447 452
1414 1436
3494 3495
2986 3025
2353 2358
2696 2697
1319 1320
3559 3560
3146 3162
1038 1041
2629 2643
1469 1493
1901 1904
521 522
4409 4410
240 243
4412 4415
3032 3033
3851 3853
602 632
1374 1377
4402 4407
2234 2235
813 815
252 253
4424 4425
2464 2468
15 17
3607 3614
3626 3627
3389 3391
4180 4186
3880 3894
1451 1452
3099 3100
4479 4482
3190 3218
3962 3963
2222 2238
73 79
3164 3165
3674 3681
2596 2600
3456 3458
15 30
2895 2896
3500 3501
1798 1802
2702 2703
1281 1283
4309 4313
720 721
3152 3168
3231 3232
483 485
1491 1507
1510 1520
4182 4208
3514 3520
1513 1525
933 950
2994 2996
2691 2729
1056 1057
3296 3297
3504 3512
4084 4087
2974 3017
1635 1636
3806 3813
258 259
590 732
4146 4147
2236 2270
2769 2770
1348 1350
3219 3235
1971 1972
550 552
2938 2956
4161 4162
1580 1592
3061 3063
2500 2501
842 845
4453 4455
325 326
2565 2566
4497 4498
88 90
2839 2842
3699 3700
390 391
2038 2039
3462 3464
40 49
2901 2902
1287 1316
380 383
1391 1410
3430 3431
682 684
4570 4572
2894 2899
420 455
3193 3195
1772 1775
2632 2633
3237 3238
482 515
114 119
155 157
1535 1539
614 671
4348 4351
2968 2969
1830 1837
2170 2171
4101 4107
619 641
2699 2700
1372 1373
4123 4125
3543 3550
2163 2168
4403 4408
3883 3884
3754 3770
3174 3195
2465 2469
2506 2507
3492 3504
4333 4349
615 643
4396 4405
848 851
1938 1942
4178 4182
2237 2238
3100 3101
1420 1427
2302 2303
3181 3211
4234 4235
2573 2574
1952 1961
4 58
3997 3999
127 128
1775 1776
3199 3201
2638 2639
2244 2254
977 978
4396 4418
4289 4292
2288 2297
2587 2593
419 421
2369 2370
992 993
2132 2134
1571 1572
4303 4311
2176 2177
755 757
3143 3161
194 195
4082 4083
3505 3513
3716 3733
3155 3171
2468 2470
1907 1908
2638 2652
530 531
3517 3523
2357 2373
2997 2999
3217 3231
4418 4419
2436 2437
1109 1110
1821 1841
419 434
1427 1456
3620 3621
2199 2201
3623 3626
2243 2244
3210 3228
3062 3064
1102 1107
1401 1403
3333 3335
1965 1970
1445 1446
24 26
4473 4476
3635 3636
1675 1679
2535 2537
534 542
2906 2938
2837 2838
3183 3246
1176 1177
4469 4478
1740 1744
3927 3929
2039 2040
3971 3972
4550 4551
3129 3131
529 548
3173 3174
1752 1754
652 655
1512 1513
1515 1518
94 98
954 956
3421 3424
93 102
2904 2905
4044 4046
1508 1515
193 225
1246 1249
2106 2107
2257 2276
4318 4322
729 730
1570 1575
1869 1871
3161 3177
3240 3241
1440 1465
492 494
3066 3088
2360 2374
4380 4382
4339 4381
3819 3820
3003 3005
2722 2726
1301 1306
2013 2037
2813 2844
1065 1066
485 491
2980 3021
2205 2207
3172 3191
4395 4397
506 513
547 551
2173 2174
3578 3586
1375 1376
1980 1981
559 561
259 269
3590 3596
1182 1183
192 215
1711 1712
2574 2575
34 43
913 914
916 919
1776 1777
4287 4288
2866 2868
2286 2293
118 121
2910 2911
1489 1491
389 392
2112 2113
451 452
3202 3204
681 685
2341 2350
2404 2406
4011 4016
1843 1844
466 467
1307 1312
4335 4342
746 750
2353 2360
2986 3027
4354 4355
4312 4358
2977 2978
229 231
3556 3557
2135 2137
1319 1322
2179 2180
1599 1605
3146 3164
802 803
1337 1339
4069 4078
1901 1906
1942 1944
3549 3554
1381 1382
2692 2701
4132 4134
3552 3559
4 5
3851 3855
3438 3457
3892 3893
2803 2946
1910 1911
3334 3336
2234 2237
252 255
1112 1113
3825 3839
4424 4427
1657 1667
1717 1718
1436 1439
919 920
3947 3950
3777 3798
3109 3110
2009 2011
1448 1449
2248 2256
2311 2312
3959 3960
1170 1175
650 651
3382 3390
1513 1514
564 584
4024 4025
2603 2605
4342 4371
2647 2648
4553 4554
986 987
1849 1850
428 430
3736 3743
3755 3756
188 189
4360 4361
3739 3748
2378 2379
418 422
4309 4315
1580 1581
764 766
4091 4092
1343 1345
4371 4375
782 783
2714 2715
1513 1527
3854 3856
3164 3180
564 597
416 433
3296 3299
1916 1917
539 540
1074 1076
198 210
3226 3240
1225 1245
1118 1119
2725 2729
4146 4149
708 726
3629 3630
1971 1974
1517 1538
2831 2832
4158 4159
4161 4164
3581 3589
981 1006
3921 3923
612 614
2011 2046
51 52
4223 4224
656 657
3873 3882
2565 2568
1185 1186
2026 2031
1188 1191
2048 2049
847 898
3696 3697
4515 4517
387 388
2006 2052
4559 4560
1250 1251
2041 2046
2620 2625
3111 3128
723 724
4290 4291
1542 1544
3474 3476
3754 3759
1586 1587
2632 2635
3492 3493
4097 4098
1516 1528
936 953
1535 1541
614 673
466 509
4373 4410
1465 1482
1317 1318
2029 2049
3809 3816
2407 2409
519 520
2451 2452
3030 3031
1013 1028
232 234
4120 4122
23 60
811 813
4164 4165
3883 3886
3754 3772
2506 2509
1349 1364
1475 1503
3816 3832
3895 3896
1147 1149
1386 1431
4178 4184
3658 3660
2237 2240
3188 3216
4521 4523
3960 3961
393 394
2860 2862
563 576
2583 2584
3871 3889
3654 3662
1785 1786
364 366
1205 1211
3433 3434
3997 4001
124 125
556 573
4296 4297
2875 2877
2594 2598
2014 2023
2635 2636
2638 2641
1217 1221
3498 3499
2077 2079
4525 4534
76 84
356 367
139 140
4027 4028
3447 3453
3211 3213
418 464
1323 1324
4351 4354
3229 3230
2781 2811
2413 2415
1852 1853
4319 4321
752 754
194 197
1054 1055
4126 4128
3546 3553
3565 3566
2144 2146
2949 3068
1844 1854
256 257
2468 2472
3328 3330
1346 1348
2638 2654
1390 1391
3217 3233
1670 1674
1821 1843
3901 3902
1153 1155
3620 3623
2199 2203
3059 3061
2782 2783
3103 3104
1121 1122
4193 4195
3632 3633
884 886
2756 2767
3395 3397
86 88
2405 2429
2837 2840
1457 1458
1740 1746
2039 2042
4490 4502
1522 1523
101 103
1689 1700
1969 1983
381 386
3170 3171
3989 3991
4033 4034
3752 3755
2372 2373
3235 3236
3421 3426
4262 4271
4306 4314
4325 4327
3764 3765
2948 2950
2368 2375
1227 1238
2966 2967
1290 1294
3571 3572
949 964
1589 1590
2955 3074
429 440
4100 4101
3520 3526
4339 4383
791 792
3302 3303
1881 1883
2722 2728
2980 3023
2164 2171
1064 1072
2504 2505
1083 1085
3471 3489
1127 1128
846 849
285 287
4457 4459
2824 2860
329 330
1375 1378
1359 1370
858 859
3870 3881
1182 1185
3369 3370
621 623
2020 2055
60 61
879 918
4232 4233
3132 3134
1711 1714
2571 2572
3803 3827
4556 4559
2574 2577
1194 1195
2334 2336
4568 4569
1259 1260
679 685
2907 2908
890 905
2777 2798
2972 2973
1311 1312
1314 1317
3501 3502
2773 2800
753 755
3012 3045
2685 2687
904 924
2879 2930
2703 2704
3135 3152
4382 4419
3002 3037
3308 3309
4055 4061
727 739
1326 1327
226 228
1905 1906
3837 3838
4117 4121
528 529
2995 2997
2179 2182
4129 4131
1362 1371
2241 2242
3208 3226
2411 2424
864 865
410 429
3312 3320
3331 3333
3438 3459
3892 3895
2770 2771
2921 2940
4194 4196
66 67
2473 2484
1112 1115
1717 1720
2577 2578
1156 1158
595 596
3194 3220
3106 3107
358 360
776 873
3969 3970
1968 1975
2308 2309
1432 1443
3732 3734
931 932
3171 3172
650 653
1510 1511
133 134
4305 4306
2644 2645
3444 3452
1487 1500
2086 2088
3507 3508
986 989
425 427
2709 2710
1288 1290
4316 4320
1048 1049
3159 3175
1325 1357
3238 3239
2837 2895
1498 1514
2702 2707
3149 3167
1580 1583
2946 3067
2440 2441
1431 1460
4091 4094
3511 3519
4371 4377
2934 2949
826 828
265 266
4153 4154
1916 1919
4156 4159
2776 2777
1399 1400
3226 3242
1679 1683
1978 1979
3569 3581
2148 2161
601 602
3588 3594
1628 1637
4489 4490
320 323
2507 2508
1691 1693
1410 1414
2270 2272
3562 3578
2946 3080
2314 2315
700 729
332 333
32 41
4504 4505
51 54
4204 4213
656 659
2843 2844
95 97
1406 1416
3706 3707
2285 2287
1405 1420
2045 2046
624 626
2697 2726
2776 2790
4216 4223
2048 2051
668 669
2973 3075
953 1030
1247 1248
1811 1815
2038 2043
1250 1253
4042 4043
3200 3202
2771 2796
3244 3245
1262 1263
4290 4293
1583 1584
3114 3135
4334 4336
3773 3774
4034 4044
4053 4057
2632 2637
1472 1487
3492 3495
2975 2976
1834 1839
1254 1264
2439 2444
718 732
2177 2178
742 860
1468 1489
3529 3535
1361 1363
907 927
800 801
220 226
1641 1646
519 522
1124 1127
563 565
150 167
2 3
1010 1025
2469 2471
2513 2514
4120 4124
1372 1377
1136 1137
962 984
3823 3837
1715 1716
1885 1898
338 339
4226 4227
2244 2245
1475 1505
3668 3670
3876 3885
2007 2009
1818 1844
4518 4520
69 70
1001 1033
2221 2234
393 396
2580 2581
2583 2586
3443 3444
2022 2024
1442 1449
1782 1783
361 363
760 863
3206 3208
1785 1788
2793 2810
2645 2646
4252 4256
4293 4294
984 985
1416 1433
574 592
3006 3039
2638 2643
4289 4296
2981 2982
999 1000
460 463
1320 1321
551 581
570 594
4071 4073
1323 1326
2930 2936
3771 3781
762 764
2410 2412
4351 4356
4089 4090
2712 2713
1335 1336
3036 3039
3162 3178
2642 2654
1914 1915
2705 2710
3565 3568
4425 4426
3004 3006
3048 3049
3778 3797
1390 1393
3198 3222
2250 2251
829 831
268 269
1969 1972
1320 1334
2760 2767
979 1004
1452 1453
75 76
3963 3964
2542 2544
1981 1982
2913 2945
4492 4493
1744 1746
4196 4202
1183 1184
3395 3399
845 896
130 133
2317 2318
4557 4558
3180 3181
4207 4216
2039 2044
1519 1520
98 100
4270 4272
1522 1525
142 143
2382 2383
2807 3084
2609 2611
2967 3073
1282 1284
2681 2716
4030 4031
2892 2899
3103 3119
1814 1818
2674 2676
612 671
2718 2719
1057 1058
2368 2377
3247 3248
2106 2111
2147 2149
2367 2381
757 796
3826 3827
3571 3574
3117 3138
949 966
3010 3012
1308 1313
728 738
1072 1073
2940 2953
2379 2391
1651 1652
274 275
3302 3305
4162 4163
554 558
721 735
2013 2041
3364 3365
2548 2550
2935 2959
1987 1988
566 568
5 6
610 611
1145 1147
3597 3603
2824 2862
4498 4499
329 332
1189 1190
1375 1380
2780 2792
199 222
3659 3663
3700 3701
1699 1706
3826 3840
3791 3819
2977 3077
561 574
2820 2864
41 50
60 63
4213 4222
3633 3647
4232 4235
3992 3994
2989 3087
4294 4295
2917 2918
4565 4566
396 399
1256 1257
4007 4009
99 112
3767 3768
458 459
3209 3211
2969 2970
3700 3714
2411 2413
690 701
2990 3029
4062 4066
473 474
4361 4362
794 795
3781 3787
3012 3047
2105 2114
2984 2985
3264 3268
4124 4126
2794 3090
3563 3564
2747 2749
2186 2187
765 767
1606 1612
1086 1088
4398 4402
2696 2703
528 531
1388 1389
3320 3321
3707 3730
4460 4462
11 12
3899 3900
2478 2480
1662 1665
2522 2523
2802 2806
4428 4429
820 824
1680 1682
1100 1107
2411 2426
4191 4193
2770 2773
2814 2816
66 69
2253 2254
926 927
1112 1117
4405 4418
3116 3117
3396 3400
3437 3438
1455 1456
2296 2301
639 641
18 28
3667 3671
3947 3954
4527 4529
1779 1782
3966 3967
1218 1220
657 658
1968 1977
2009 2015
3048 3104
2289 2298
2308 2311
3168 3169
3820 3849
3880 3900
1791 1792
2909 2945
1214 1222
1554 1556
993 994
1424 1446
1856 1857
2644 2647
3463 3467
3504 3505
715 720
4323 4325
4367 4368
2665 2669
1285 1287
2706 2707
3156 3172
3799 3803
210 211
2837 2897
531 532
3518 3524
1842 1851
3282 3284
2721 2722
2440 2443
1060 1061
3300 3301
631 655
2931 2946
4434 4435
1125 1126
4153 4156
3057 3058
1916 1921
4197 4199
2776 2779
3636 3637
4367 4381
2259 2260
4165 4166
1461 1462
1628 1639
619 621
3972 3973
2551 2553
1990 1991
190 215
1394 1408
1948 1994
3174 3175
700 731
1753 1755
1192 1193
51 56
2143 2169
4264 4266
3703 3704
95 99
3214 3247
394 395
4566 4567
1966 1984
3466 3468
2697 2728
888 903
1528 1529
1228 1237
1247 1250
2690 2725
2110 2113
730 731
1461 1475
1593 1594
172 174
3241 3242
471 507
751 790
1823 1827
2664 2672
2683 2685
1583 1586
2443 2444
1586 1591
1885 1887
2376 2390
3835 3836
227 231
2785 3083
3019 3021
2458 2459
2719 2729
2845 2868
4345 4352
797 798
2908 2924
4389 4395
3768 3782
2221 2223
800 803
1660 1661
1940 1944
560 562
4127 4129
1124 1129
4171 4172
150 169
4369 4416
2 5
2450 2460
862 863
3329 3331
3373 3374
1996 1997
962 986
3902 3903
4361 4417
1198 1199
4226 4229
3104 3105
356 358
3876 3887
567 578
2867 2869
2010 2016
2911 2912
929 930
3642 3656
1001 1035
393 398
692 694
3058 3110
2583 2588
3811 3842
4303 4304
3203 3205
2642 2643
685 691
3505 3506
984 987
1844 1845
3735 3739
467 468
558 586
3006 3041
186 189
4358 4361
2978 2979
1557 1559
4569 4581
2420 2422
2700 2705
2180 2181
759 761
850 879
4370 4371
3509 3517
613 643
3553 3560
2756 2758
3335 3337
534 535
2774 2775
2812 3067
4066 4081
1378 1385
1397 1398
3048 3051
3908 3909
1160 1162
4188 4192
599 600
2531 2532
1670 1678
3110 3111
873 876
1733 1734
3639 3640
935 936
3963 3966
2841 2842
3833 3856
1445 1452
2412 2436
1464 1465
4492 4495
1183 1186
3975 3976
2774 2788
666 667
3098 3114
1737 1745
3177 3178
4557 4560
2408 2438
835 890
2899 2904
1519 1522
4251 4261
1997 2049
142 145
1002 1003
1581 1582
1452 1468
2312 2326
891 906
204 205
2831 2891
4095 4098
1294 1296
1297 1301
3578 3579
2157 2159
3165 3181
1596 1597
1876 1880
1917 1918
4107 4108
3527 3533
2367 2383
946 963
4387 4391
2238 2269
3870 3872
489 495
2940 2955
1071 1079
3283 3294
1134 1135
3582 3590
4162 4165
2947 3079
724 742
3645 3646
2012 2047
2224 2226
336 337
2268 2269
2803 2805
2548 2552
1347 1364
1987 1990
3594 3600
2847 2848
3858 3875
1470 1471
1709 1716
3684 3722
3937 3939
672 673
1699 1708
2578 2579
1201 1202
2820 2866
60 65
2341 2343
1780 1781
758 861
3712 3713
2344 2348
2385 2386
403 404
2989 3089
4575 4576
3475 3477
2914 2915
897 912
484 514
2917 2920
3777 3778
1817 1821
1256 1259
2116 2117
748 789
3427 3436
739 740
458 461
4069 4071
2692 2694
3120 3141
3533 3539
952 969
2131 2132
451 458
3271 3273
3142 3159
2990 3031
4062 4068
1894 1896
1333 1334
3781 3789
1654 1655
233 235
3012 3049
3844 3845
2703 2708
1458 1487
3046 3047
3178 3203
1669 1670
8 9
2740 2748
1432 1434
11 14
1819 1843
871 872
291 297
2522 2525
3382 3383
73 74
303 307
2584 2585
4191 4195
1207 1208
3674 3676
365 367
409 410
3437 3440
3563 3579
2315 2316
2466 2485
4527 4531
938 939
4318 4357
77 85
1517 1518
3449 3450
701 703
2308 2313
140 141
3713 3725
3212 3214
829 888
1274 1275
3514 3515
2093 2095
3101 3117
2414 2416
1853 1854
2823 2880
476 477
4364 4365
715 722
2665 2671
2709 2714
1288 1294
768 770
147 157
3008 3010
207 208
427 440
3052 3053
1070 1071
490 496
2809 3066
1391 1392
1517 1531
1842 1853
4142 4144
3581 3582
833 835
2440 2445
3300 3303
4160 4161
2871 2897
2764 2771
1406 1407
1686 1690
545 553
1985 1986
3573 3583
3917 3918
608 609
2215 2219
4496 4497
2927 2950
1679 1687
3119 3120
2882 2884
900 902
3928 3932
839 892
39 48
944 945
1331 1354
4511 4512
2850 2851
102 104
146 147
2613 2615
1192 1195
2052 2053
749 854
3476 3478
675 676
4563 4564
3794 3824
1815 1817
3214 3249
3107 3123
466 502
1254 1255
3186 3187
1386 1411
4326 4328
2889 2900
4329 4333
1528 1531
3768 3771
2388 2389
1011 1012
3251 3252
1830 1832
2151 2153
730 733
1590 1591
3121 3142
1593 1596
213 214
3780 3781
4101 4102
452 459
493 497
2680 2682
751 792
2771 2800
1605 1606
2745 2747
164 177
3536 3542
1087 1091
1128 1129
3318 3319
2218 2220
1449 1480
2520 2521
1099 1101
1940 1946
1722 1723
3654 3655
4321 4347
345 346
1952 1956
3373 3376
4233 4234
1996 1999
2856 2857
2575 2578
4466 4472
1434 1441
4226 4231
2058 2059
637 639
3665 3669
76 77
774 873
2587 2588
998 1032
1789 1790
973 975
393 400
412 413
4300 4301
2879 2881
131 134
991 992
2923 2924
175 177
2645 2650
4293 4298
2125 2126
704 706
4324 4365
3136 3153
748 749
2682 2717
2988 2989
1327 1328
3006 3043
4078 4080
769 808
3838 3839
2417 2419
4509 4532
3280 3282
1342 1343
242 244
2482 2484
481 489
613 645
692 709
544 545
2192 2193
4432 4433
865 866
2756 2760
3055 3056
307 309
2774 2777
3206 3225
2818 2820
836 838
3848 3860
599 602
19 27
1459 1460
3391 3392
82 83
3970 3971
1389 1401
4200 4204
1392 1406
1433 1444
4499 4500
849 898
3383 3393
1795 1796
374 376
4262 4264
4306 4307
2885 2887
2324 2325
3187 3188
2648 2651
3395 3403
666 669
2971 3075
1677 1696
3738 3742
4037 4038
728 729
4021 4030
1459 1473
3800 3802
3239 3240
3110 3126
4341 4385
2961 3003
485 486
2892 2903
1304 1306
4313 4323
4332 4336
1625 1627
204 207
3024 3059
1064 1065
3254 3255
506 508
2154 2156
3575 3576
3017 3019
2437 2444
1079 1080
4368 4380
4151 4153
3590 3591
4169 4170
3589 3595
1932 1935
2792 2793
4039 4060
1131 1132
2555 2557
1134 1137
1994 1995
3752 3774
3645 3648
2784 2794
3128 3129
1987 1992
2847 2850
3707 3708
2358 2393
3877 3890
436 462
348 349
4217 4224
4236 4237
1488 1490
2840 2847
1532 1533
2578 2581
3438 3439
4043 4044
2061 2062
4572 4573
2810 3089
4575 4578
447 449
3774 3775
2353 2355
465 466
897 914
2397 2398
1817 1823
2116 2119
695 699
2976 2977
4287 4296
3726 3734
1599 1600
178 180
4331 4339
3770 3777
4069 4073
2761 2796
908 928
2991 2992
243 245
1891 1893
3312 3313
1330 1331
2990 3033
2902 2920
739 863
1093 1095
3327 3328
686 707
966 990
18 19
3906 3907
3178 3205
2529 2530
11 16
2292 2294
310 312
3338 3342
4179 4187
4242 4243
2821 2823
1661 1673
2260 2261
1680 1686
2865 2866
3400 3402
1443 1450
4194 4202
627 635
2067 2068
646 648
85 86
576 589
3036 3098
1269 1270
3736 3738
3175 3176
2359 2361
578 598
2639 2644
4318 4359
982 984
1000 1001
3713 3727
4072 4074
1450 1466
3511 3512
202 203
1494 1509
914 934
4374 4375
3274 3276
432 436
2713 2714
3145 3162
476 479
2716 2719
1336 1337
4364 4367
3163 3179
3507 3514
926 944
2706 2711
1285 1291
538 539
2728 2729
1067 1068
3052 3055
2491 2493
4139 4141
1930 1931
4378 4386
830 832
4142 4146
4441 4442
3020 3022
3064 3065
1403 1404
3643 3644
4390 4396
1062 1074
3775 3800
2827 2829
2266 2267
605 606
589 598
28 36
1468 1469
3935 3937
3979 3980
2558 2560
2778 2792
3399 3405
1997 1998
197 222
3629 3638
4508 4509
3181 3182
1804 1805
383 385
4271 4273
2850 2853
3710 3711
102 106
2421 2447
2894 2896
146 149
1006 1007
4034 4037
3473 3475
2912 2913
749 856
675 678
895 910
466 504
2114 2115
4046 4047
4326 4330
737 738
2889 2902
3749 3760
2668 2674
1266 1267
3251 3254
1871 1872
1291 1297
4111 4112
3118 3139
4338 4340
2450 2451
1029 1031
1073 1074
2680 2684
792 795
23 55
589 732
4104 4109
3026 3028
2033 2055
2465 2466
3306 3311
4333 4346
725 741
2786 2787
804 805
1456 1485
1516 1536
2228 2230
1667 1668
567 569
6 7
3318 3321
3705 3730
4178 4179
3598 3604
2218 2222
4329 4348
2801 2802
1140 1141
2003 2004
1423 1429
2283 2287
2469 2477
4514 4515
1353 1370
1205 1206
1372 1383
2232 2241
778 873
105 107
4233 4236
2856 2859
3716 3717
2295 2297
555 572
1734 1735
2745 2762
4245 4246
1541 1542
120 122
4008 4010
2587 2590
3428 3435
3447 3448
3046 3104
1446 1453
699 701
2070 2071
743 744
3210 3212
1789 1792
2649 2650
973 977
1833 1835
1272 1273
3723 3733
3783 3784
4324 4367
924 940
2985 2986
2988 2991
1608 1609
3848 3849
2814 2875
4075 4077
2707 2712
1327 1330
2187 2188
766 768
4078 4082
1497 1512
917 937
810 811
961 980
3841 3846
1900 1902
3604 3610
2202 2203
1102 1104
525 534
1404 1405
4432 4435
3616 3620
2475 2483
1955 1959
2815 2817
2538 2539
2238 2247
877 878
3117 3118
968 996
3848 3862
1740 1741
599 604
79 80
1670 1682
942 943
1408 1416
1972 1983
3453 3454
2032 2034
2699 2726
75 82
4543 4545
3982 3983
1234 1236
673 674
1278 1279
3685 3696
3105 3121
3184 3185
3836 3865
1183 1190
2695 2728
2368 2370
1807 1808
2827 2884
480 481
886 903
2386 2387
1009 1010
1440 1462
2806 2946
3520 3521
772 774
211 212
2943 2951
2962 2964
2722 2723
740 741
1345 1346
3585 3586
144 158
3024 3061
204 209
4332 4338
1924 1925
503 505
3216 3231
3796 3806
1927 1930
547 548
3534 3540
4394 4398
953 970
3014 3016
2718 2725
997 1013
1637 1639
740 862
4327 4381
4368 4382
1939 1940
839 841
278 279
3810 3825
4450 4451
1702 1704
4169 4172
2789 2790
3633 3640
3652 3653
2231 2233
3689 3720
3415 3417
1994 1997
614 615
2854 2855
3601 3607
37 45
1477 1478
56 58
1943 1951
1196 1199
3988 3989
679 680
2358 2395
2330 2333
3190 3191
1769 1771
2569 2578
2049 2054
2348 2350
3719 3720
410 411
4043 4046
1462 1476
2061 2064
3482 3484
2921 2922
173 175
4512 4524
1544 1545
582 868
2791 2812
2684 2686
447 451
1414 1435
746 747
3213 3215
465 468
3257 3258
4057 4065
676 688
767 806
1555 1559
3540 3546
3127 3148
959 976
1599 1602
477 478
3770 3779
1082 1083
1469 1492
1901 1903
3016 3051
908 930
3322 3323
1661 1662
240 242
3851 3852
284 285
3312 3315
2902 2922
1374 1376
4402 4406
3765 3785
1657 1664
1824 1841
1676 1677
686 709
966 992
1439 1441
3906 3909
2526 2527
3389 3390
80 81
351 352
2591 2592
1170 1172
4523 4524
1214 1215
4242 4245
54 65
2241 2250
3725 3726
3964 3971
416 417
2883 2885
2927 2928
945 946
4017 4019
2016 2024
708 710
147 148
2686 2721
2359 2363
2639 2646
3108 3124
1860 1861
3792 3793
483 484
1283 1291
4182 4207
3022 3057
202 205
3495 3506
2994 2995
246 248
3274 3278
416 430
3504 3511
4364 4369
775 777
214 215
4386 4387
1638 1640
3286 3288
538 541
1398 1399
2816 2844
2236 2269
4149 4151
3588 3589
3219 3234
2472 2482
2919 2942
2938 2955
1690 1692
1413 1414
1693 1697
615 616
2263 2264
3643 3646
4503 4504
2247 2256
3687 3689
3126 3127
1169 1175
88 89
2328 2329
4260 4261
1679 1691
371 377
670 673
3698 3703
3462 3463
153 154
1287 1315
380 382
1760 1764
2620 2622
1391 1409
2664 2665
1243 1245
4570 4571
2987 3089
445 447
1453 1469
895 912
482 514
2634 2678
438 444
2158 2160
1597 1598
3469 3479
781 783
220 221
4108 4109
3528 3534
937 1030
1871 1874
2731 2732
730 737
3137 3154
2450 2453
1889 1891
153 167
1933 1934
1224 1245
4123 4124
556 557
3543 3549
4403 4407
3023 3025
2462 2463
3886 3888
2465 2468
4333 4348
3646 3647
2225 2227
804 807
1349 1361
848 850
1947 1953
4178 4181
437 461
3642 3649
201 221
1660 1667
352 353
4240 4241
2151 2170
1423 1431
2863 2864
2283 2289
1202 1203
1205 1208
2065 2066
644 646
105 109
3997 3998
4532 4534
4576 4577
574 587
2594 2595
2874 2878
3199 3200
2786 2802
752 859
595 875
1541 1544
2401 2402
980 982
419 420
182 184
1789 1794
3509 3510
2781 2808
2693 2695
4300 4305
2132 2133
4372 4410
4303 4310
3143 3160
4063 4069
2821 2880
773 810
3266 3267
3505 3512
924 942
3845 3846
2424 2426
1608 1611
2468 2469
2357 2372
3797 3805
1670 1671
961 982
4421 4423
3860 3861
2199 2200
3604 3612
3623 3625
3210 3227
3062 3063
314 316
3383 3384
1401 1402
3386 3389
1965 1969
2825 2827
4473 4475
24 25
1164 1166
3896 3905
2906 2937
1958 1966
1737 1738
3977 3978
4469 4477
2600 2601
2319 2322
3690 3692
3970 3975
529 547
1408 1418
141 142
1392 1410
4313 4314
2892 2894
2331 2332
1751 1757
2936 2937
4543 4547
1795 1800
93 101
2959 3069
2138 2139
156 157
4044 4045
2827 2886
2667 2668
2887 2900
2947 2951
1570 1574
1850 1857
1869 1870
1289 1295
1053 1055
3028 3061
492 493
4380 4381
942 958
255 257
3582 3583
2813 2843
1304 1310
1345 1348
2205 2206
506 512
547 550
1407 1408
3597 3598
997 1015
1936 1937
3788 3809
2799 2800
3120 3121
278 281
3571 3582
1138 1139
2650 2677
3870 3878
2001 2002
1421 1427
693 725
192 214
4512 4513
3135 3136
34 42
1474 1475
3714 3715
2406 2438
2337 2338
676 677
3988 3991
3427 3429
206 233
679 682
2286 2292
1539 1540
3190 3193
1769 1773
2629 2631
1208 1211
746 857
2673 2674
1831 1833
1875 1876
4342 4344
2921 2924
3781 3782
1484 1496
2965 2967
2404 2405
1307 1311
4335 4341
746 749
1606 1607
4312 4357
229 230
2696 2698
3537 3543
1369 1371
4397 4401
767 808
808 809
2740 2741
959 978
1258 1274
3319 3320
1337 1338
1082 1085
3016 3053
1901 1905
1942 1943
3322 3325
2999 3086
611 645
3851 3854
1144 1145
3 8
3334 3335
2754 2760
3614 3618
1673 1674
3204 3225
236 246
2536 2537
1956 1962
4187 4190
3607 3615
966 994
2299 2301
2466 2478
1738 1739
1977 2021
638 640
3950 3954
2790 2804
3389 3392
2009 2010
1388 1397
2828 2830
4249 4250
2872 2873
351 354
1211 1212
1214 1217
2074 2075
653 655
73 80
413 414
3040 3100
4392 4420
2603 2604
1276 1277
3787 3788
989 991
2129 2132
2315 2322
2815 2874
1612 1613
191 193
3518 3519
2141 2142
1841 1850
2720 2721
483 486
1491 1508
1343 1344
3022 3059
1062 1065
3514 3521
4374 4379
933 951
2994 2997
3854 3855
1853 1860
1292 1298
3573 3576
3277 3285
3296 3298
3056 3057
1635 1637
1074 1075
1915 1920
3806 3814
1225 1244
4146 4148
1398 1401
837 839
21 24
881 882
260 269
3348 3350
2472 2484
3071 3072
981 1005
3921 3922
1173 1175
612 613
35 43
1475 1476
3123 3124
1746 1747
3986 3987
2565 2567
1985 1992
2886 2888
88 91
2328 2331
948 949
4515 4516
1811 1812
390 392
2838 2847
150 151
4489 4500
3742 3748
2340 2341
1013 1014
2620 2624
1240 1242
1460 1474
4041 4044
3631 3651
3524 3525
3111 3127
1542 1543
4570 4573
1822 1826
165 166
4034 4041
4053 4054
445 449
744 745
1349 1350
1535 1540
4373 4409
765 804
3065 3132
3125 3146
2029 2048
3749 3764
4389 4390
282 283
2453 2460
4101 4108
3354 3356
2793 2794
811 812
1416 1417
3883 3885
1365 1371
1349 1363
1147 1148
2738 2750
2010 2011
3658 3659
349 350
3642 3651
421 455
1061 1081
4521 4522
1212 1213
2860 2861
4240 4243
563 575
115 119
2302 2304
1205 1210
4 59
625 635
2065 2068
4252 4253
1548 1549
127 129
4576 4579
1415 1434
2594 2597
2638 2640
898 915
2077 2078
4525 4533
977 979
3261 3262
1600 1601
3711 3727
4351 4353
3790 3791
481 482
3020 3055
4073 4079
4114 4117
1492 1509
2992 2993
1571 1573
2176 2178
2415 2423
2194 2195
2906 2926
3546 3552
4126 4127
1844 1853
2468 2471
3328 3329
19 20
1626 1630
4418 4420
3217 3232
2530 2531
961 984
1821 1842
1153 1154
1972 1974
3620 3622
3059 3060
311 313
3922 3923
355 356
2822 2824
2245 2254
884 885
694 724
1747 1748
3395 3396
647 649
26 36
86 87
4258 4259
949 950
3977 3980
580 595
3460 3461
3970 3977
1329 1356
1802 1805
422 423
3989 3990
1241 1243
4250 4260
793 824
3796 3797
2375 2377
1814 1815
2655 2660
4262 4270
93 103
2959 3071
4306 4313
2998 2999
1577 1579
4088 4090
3508 3515
3527 3528
927 945
779 781
218 219
4018 4031
1850 1859
1869 1872
3028 3063
2193 2198
4380 4383
3258 3259
1931 1932
3223 3238
3863 3864
255 259
587 732
554 555
4442 4443
3021 3023
1004 1020
3471 3488
1924 1929
4155 4157
547 552
2267 2268
846 848
285 286
3578 3587
4457 4458
890 891
2497 2501
1709 1711
1980 1982
3640 3647
3659 3660
259 270
1138 1141
621 622
4213 4219
1484 1485
2574 2576
686 687
2337 2340
594 869
143 179
1776 1778
1536 1537
3726 3727
159 160
978 980
439 443
2777 2797
4050 4053
2673 2676
419 464
3533 3534
1551 1552
1831 1835
2691 2693
4043 4050
1875 1878
4062 4063
2735 2736
1314 1316
2879 2929
2404 2407
3264 3265
516 518
2794 3087
4382 4418
3695 3717
1307 1313
727 738
3547 3553
746 751
1007 1021
3027 3029
226 227
2466 2467
1650 1652
1457 1486
509 515
808 811
3600 3601
4179 4180
722 744
1901 1907
820 821
3813 3830
1960 1962
611 647
1144 1147
690 711
2004 2005
583 585
22 23
302 306
4194 4195
627 628
2234 2238
780 870
1657 1668
1717 1719
3957 3959
1956 1964
3396 3397
1436 1440
2296 2298
4530 4531
2229 2244
2248 2257
1432 1442
4012 4016
1211 1214
2071 2072
650 652
3495 3497
2934 2935
3040 3102
1273 1274
1276 1279
3724 3734
4304 4309
2825 2884
777 814
3270 3271
1288 1289
3736 3744
188 190
3799 3800
3499 3508
490 491
4378 4379
3798 3804
3562 3564
3149 3166
3001 3002
2946 3066
253 255
3511 3518
1343 1346
782 784
202 209
826 827
3274 3282
416 434
4156 4158
3617 3621
28 29
995 1013
3916 3917
1074 1077
198 211
626 658
3226 3241
2539 2540
1118 1120
1398 1403
3569 3580
3629 3631
3849 3863
1741 1742
320 322
3931 3932
2831 2833
2270 2271
1394 1405
2254 2263
3694 3696
3133 3134
1472 1473
51 53
2036 2040
656 658
35 45
95 96
2026 2032
1405 1419
3793 3823
1169 1179
160 161
1808 1809
3188 3191
953 1029
2006 2053
1530 1535
150 153
1010 1011
3462 3467
3761 3763
3200 3201
452 454
3631 3653
2963 2965
2402 2403
3007 3008
1025 1026
3492 3494
3536 3537
227 228
4115 4116
3535 3541
765 806
2738 2739
1361 1362
3809 3817
1448 1479
1940 1941
519 521
1124 1126
563 564
3030 3032
282 285
3074 3075
3893 3895
971 1032
737 865
2276 2277
294 295
3366 3368
38 46
4506 4509
57 59
3668 3669
4509 4514
3948 3952
2007 2008
2010 2013
2870 2871
1209 1210
4521 4524
393 395
411 412
1703 1718
3206 3207
1785 1787
1205 1212
2793 2809
1545 1546
3716 3723
2408 2409
987 989
2635 2637
747 748
2638 2642
3498 3500
750 753
2937 2938
189 191
356 368
2876 2928
787 820
1600 1603
1323 1325
3771 3780
3150 3167
762 763
4051 4063
4351 4355
481 484
3020 3057
4114 4119
530 871
2992 2995
1571 1575
2844 2868
3852 3853
3036 3038
1615 1618
2415 2425
1098 1099
4126 4129
2238 2240
300 301
4188 4189
2206 2207
3699 3732
63 65
548 551
1153 1156
4480 4482
31 32
1171 1173
355 358
2542 2543
1215 1216
2913 2944
3064 3113
1744 1745
2024 2028
2607 2608
2027 2033
86 89
946 947
130 132
4018 4020
4021 4025
148 149
2020 2030
819 879
3460 3463
2943 2944
1522 1524
381 387
1282 1283
793 826
4033 4035
3840 3869
2145 2146
3153 3168
2372 2374
2831 2888
4183 4208
4262 4272
1495 1512
1876 1877
499 500
719 732
4387 4388
2966 2968
591 732
3571 3573
949 965
3010 3011
4150 4152
728 737
3589 3590
2773 2775
2212 2213
791 793
3220 3235
1975 1977
554 557
1414 1415
3585 3592
985 1009
37 38
1064 1073
3925 3926
1943 1944
2548 2549
2935 2958
3575 3584
3814 3829
2267 2270
4454 4455
1706 1708
1145 1146
329 331
2569 2571
4201 4211
2840 2842
199 221
1699 1705
952 953
3791 3818
3419 3421
3142 3143
2042 2044
1481 1482
1761 1765
4213 4221
2344 2345
3992 3993
384 388
683 684
103 109
853 866
4574 4577
3194 3195
594 871
143 181
748 786
1259 1261
99 111
1019 1020
3770 3772
4349 4351
221 222
2972 2974
759 800
850 918
1314 1318
1613 1614
904 925
771 810
236 237
3264 3267
3544 3550
815 816
4321 4328
1086 1087
3326 3327
4038 4058
1650 1654
2185 2190
4460 4461
711 880
1712 1714
1151 1152
3599 3607
3662 3663
3208 3227
1680 1681
1100 1106
3192 3219
3312 3321
4191 4192
3683 3722
882 883
3182 3211
434 464
66 68
866 875
764 864
3393 3394
645 647
2577 2579
2797 2811
4344 4370
1218 1219
2081 2082
2289 2297
3729 3730
981 983
3820 3848
420 421
3880 3899
2931 2932
1214 1221
768 875
1554 1555
1424 1445
435 436
4323 4324
756 757
1487 1501
1619 1620
198 200
1846 1848
2627 2642
3506 3513
925 943
777 816
689 703
3717 3733
2148 2149
3159 3176
3439 3459
1350 1351
1517 1528
2702 2708
2941 2953
3221 3236
3861 3862
2440 2442
552 553
1431 1461
2931 2945
3624 3626
3063 3064
1642 1644
2934 2950
2247 2249
826 829
3274 3284
1686 1687
526 537
4153 4155
1405 1408
264 271
4197 4198
2416 2435
888 889
3916 3919
2907 2938
3399 3400
3184 3246
1417 1418
4489 4491
3928 3929
619 620
1224 1225
2251 2260
3691 3693
3130 3131
1394 1407
382 384
700 730
1753 1754
2893 2895
51 55
4204 4214
1516 1518
95 98
1818 1819
3466 3467
4310 4317
953 1031
1247 1249
744 857
1291 1292
2838 2851
3531 3532
1870 1871
3701 3714
4022 4035
172 173
4060 4061
1224 1238
943 959
1586 1590
3867 3868
2446 2448
1885 1886
4336 4346
2209 2212
4396 4397
1648 1650
1087 1088
1254 1265
2738 2741
2743 3085
289 290
3768 3781
2221 2222
1641 1647
1448 1481
519 523
560 561
2 4
1010 1026
3329 3330
3893 3897
1293 1314
2513 2515
1186 1188
2900 2924
3934 3935
625 626
3823 3838
3136 3137
4226 4228
356 357
3668 3671
961 962
2867 2868
119 121
2010 2015
4291 4293
2870 2873
1490 1491
2290 2298
3730 3731
3642 3655
1001 1034
2069 2070
4001 4002
393 397
692 693
1984 1999
972 976
3203 3204
562 583
455 457
3442 3449
3206 3209
4066 4067
1425 1446
2645 2647
685 690
1485 1497
984 986
3268 3269
1847 1849
126 137
558 585
186 188
1607 1608
4358 4360
3797 3798
230 231
2981 2983
2420 2421
1840 1846
4121 4124
2700 2704
1320 1322
3604 3605
163 177
762 765
1429 1457
3509 3516
4114 4121
4133 4134
3553 3559
824 825
1914 1916
4066 4080
26 27
2906 2930
1958 1959
1116 1118
4469 4470
687 712
1160 1161
4188 4191
19 24
3066 3067
3778 3798
3198 3223
3390 3393
1389 1398
2829 2831
2249 2256
979 1005
2252 2261
891 892
3884 3901
3963 3965
4202 4210
74 81
93 94
2412 2435
2604 2605
1183 1185
2607 2610
1227 1228
845 897
1806 1807
3738 3739
2370 2374
990 992
4557 4559
2688 2720
4021 4027
3441 3452
2940 2941
192 194
923 938
3803 3804
2961 3000
793 828
2312 2325
3153 3170
4332 4333
4095 4097
487 492
2674 2677
1514 1527
934 952
3515 3522
3534 3535
2157 2158
2377 2390
1057 1059
1876 1879
2736 2737
3341 3342
1359 1360
2367 2382
3807 3815
1683 1686
3870 3871
561 562
4449 4450
3072 3073
1651 1653
1071 1078
1351 1361
1695 1696
34 35
2274 2275
3093 3132
897 898
1924 1933
3364 3366
1363 1371
2803 2804
2548 2551
3408 3409
3814 3831
3858 3874
1709 1715
329 333
1189 1191
2780 2793
3659 3664
3139 3140
3791 3820
2977 3078
4002 4003
561 575
2341 2342
885 901
964 965
3204 3205
3992 3995
2104 2106
1543 1544
2775 2799
3475 3476
4275 4283
166 167
3194 3197
3496 3498
2768 2796
467 509
99 113
3540 3541
618 678
1879 1880
1299 1305
4069 4070
4330 4340
1321 1323
2969 2971
4393 4396
952 968
3271 3272
1982 2008
794 796
3034 3036
1613 1616
3781 3788
1657 1659
236 239
3264 3269
1096 1097
4124 4127
1376 1380
3563 3565
1955 1996
3607 3608
1606 1613
298 299
3326 3329
3370 3372
2749 2759
2809 2810
2528 2531
1432 1433
4460 4463
2739 2751
1151 1154
4179 4184
2011 2012
634 635
1680 1683
2540 2541
3145 3146
3964 3966
3831 3851
2303 2305
66 70
365 366
2885 2926
3437 3439
2876 2877
128 130
3739 3740
1779 1783
2078 2079
2081 2084
701 702
2941 2942
1280 1281
3212 3213
1412 1437
2829 2886
2414 2415
3752 3800
756 759
1616 1617
195 197
1619 1622
3806 3807
777 818
689 705
2709 2713
3569 3571
3008 3009
427 439
1631 1632
490 495
531 533
2771 2773
3518 3525
2210 2211
3779 3795
1394 1396
253 259
1113 1117
2720 2727
3905 3907
3344 3345
4185 4190
596 598
35 36
1642 1646
3794 3810
1686 1689
2546 2547
4153 4157
545 552
3573 3582
1169 1170
9 20
3636 3638
3075 3076
1748 1749
371 372
3399 3402
2838 2840
2910 2945
2277 2278
2882 2883
2219 2273
39 47
1479 1480
1331 1353
3972 3974
1224 1227
190 216
663 665
1690 1700
102 103
4551 4553
2613 2614
3476 3477
1815 1816
4566 4568
1966 1985
438 439
3466 3469
4326 4327
157 160
1017 1018
888 904
201 203
3528 3529
2151 2152
1530 1539
2970 2972
2956 3074
1870 1873
3121 3141
1353 1354
2664 2673
4104 4106
3524 3531
2364 2381
3543 3544
4384 4389
795 797
2443 2445
3306 3308
1885 1888
3693 3717
596 853
2165 2171
164 176
1645 1647
4377 4386
1368 1369
2508 2510
1087 1090
2785 3084
1947 1948
1386 1423
3879 3880
658 684
4159 4163
570 571
2218 2219
4458 4459
3037 3039
1061 1074
3081 3082
3881 3889
1940 1945
1360 1370
1420 1421
3591 3598
2844 2846
3871 3881
2283 2284
1293 1316
2900 2926
3373 3375
565 577
778 870
1485 1486
1655 1668
108 109
1715 1719
3996 3997
2014 2015
4226 4230
637 638
1478 1483
4525 4526
1216 1217
4528 4531
2788 2806
2350 2351
1001 1036
2069 2072
393 399
131 133
3811 3843
3442 3451
754 755
2645 2649
1485 1499
4324 4364
3265 3266
3136 3152
775 814
467 469
1090 1091
3497 3508
1840 1848
3280 3281
532 534
699 711
963 986
3043 3045
1429 1459
1902 1908
2482 2483
2762 2766
1473 1502
1684 1685
3616 3617
4195 4196
2774 2776
624 658
1157 1158
1957 1965
3848 3859
4188 4193
3567 3580
599 601
19 26
4487 4489
2549 2550
1969 1975
2621 2655
2249 2258
3689 3691
3052 3107
1751 1752
2031 2035
374 375
4262 4263
833 889
93 96
3833 3857
1558 1559
4025 4027
3464 3465
4028 4032
1447 1462
2087 2088
886 900
1806 1809
4557 4561
797 828
1459 1472
2899 2905
2152 2153
3800 3801
4320 4325
923 940
941 957
3002 3003
2680 2723
1625 1626
204 206
424 438
3471 3481
487 494
506 507
4394 4395
786 790
2377 2392
3017 3018
2437 2443
697 718
1917 1919
4157 4159
1356 1357
2780 2782
2219 2220
3227 3242
1119 1121
2149 2161
1421 1422
3353 3354
4493 4495
44 45
2555 2556
3582 3591
2947 3080
4461 4462
894 895
1757 1758
96 97
2548 2553
1347 1365
4208 4218
1407 1416
660 664
4268 4269
3426 3428
697 731
3684 3723
2569 2575
2610 2613
3470 3471
2049 2051
4217 4223
1488 1489
672 674
111 112
1251 1253
690 691
1402 1422
2341 2344
3201 3202
1780 1782
758 862
2344 2349
2385 2387
2810 3088
3204 3207
4064 4065
623 637
3115 3135
4335 4336
1026 1027
3537 3538
2116 2118
228 229
2979 2981
458 462
2739 2740
1469 1489
2742 2745
3709 3729
2181 2183
1601 1608
221 226
3533 3540
243 244
564 565
3551 3557
2754 2755
1654 1656
1093 1094
2517 2519
1956 1957
4467 4468
3046 3048
1886 1898
298 301
4186 4189
1476 1505
2809 2812
3196 3221
3669 3670
2528 2533
1819 1844
2292 2293
4198 4199
631 632
2055 2057
768 866
2222 2234
1494 1495
1661 1672
3945 3955
4005 4006
4392 4415
2023 2024
1443 1449
3062 3113
1786 1788
1225 1226
409 411
3736 3737
988 990
427 428
2639 2643
817 879
3499 3501
77 86
1517 1519
2938 2939
3713 3726
1280 1283
4072 4073
1324 1326
2962 3003
2829 2888
2414 2417
3274 3275
1292 1293
932 950
1837 1847
803 836
1856 1860
2716 2718
4137 4138
4364 4366
3163 3178
4023 4036
2476 2477
2665 2672
257 259
2709 2715
3008 3011
3868 3869
3052 3054
2491 2492
3779 3797
1391 1393
2210 2213
830 831
1693 1694
3580 3587
2871 2898
3344 3347
4204 4205
2783 2785
895 896
1062 1073
3775 3799
2827 2828
3923 3926
3967 3969
3406 3407
1985 1987
3573 3584
608 610
3856 3872
2309 2313
3916 3923
4496 4498
3935 3936
4540 4541
371 374
2778 2791
1231 1232
3399 3404
3698 3700
3137 3138
3789 3818
2975 3076
408 441
1760 1761
2040 2044
839 893
4271 4272
1523 1525
102 105
1690 1702
962 963
146 148
426 431
2613 2616
164 165
749 855
1456 1471
4336 4337
769 770
2634 2675
2675 2676
466 503
3107 3124
1386 1412
809 842
2889 2901
456 458
1061 1063
2668 2673
500 501
3118 3138
4391 4394
950 966
1593 1597
2434 2442
3874 3875
493 498
792 794
4104 4108
4403 4404
1655 1657
555 558
3306 3310
706 727
3693 3719
3586 3593
4166 4168
38 39
2228 2229
2807 2808
1991 1993
1430 1431
3078 3079
3941 3942
2520 2522
1940 1947
2223 2235
3704 3706
3143 3144
1722 1724
1766 1767
4233 4235
105 106
762 864
1529 1531
968 969
3996 3999
1434 1442
1286 1315
2874 2875
577 589
2058 2060
4506 4515
1497 1498
4525 4528
774 874
1821 1824
4008 4009
1260 1262
2227 2246
3046 3103
699 700
690 880
3210 3211
1833 1834
4073 4074
1533 1542
2973 2975
2412 2413
991 993
1035 1036
754 757
193 195
3546 3547
905 926
798 800
3785 3792
237 238
2988 2990
2427 2428
4128 4131
2748 2749
1327 1329
3567 3569
766 767
3611 3612
1950 1951
529 531
1953 1956
4140 4141
1392 1394
3040 3042
292 295
3279 3287
963 988
481 490
3342 3343
1946 1953
1965 1966
304 305
2544 2545
1167 1168
2815 2816
4195 4198
67 69
4239 4241
2625 2655
3678 3679
369 370
3441 3443
599 603
2880 2881
4487 4491
3630 3638
1503 1504
82 84
1389 1402
532 549
3821 3849
1392 1407
1433 1445
705 706
1751 1754
2611 2612
849 899
3216 3217
3383 3394
4035 4037
4262 4265
3105 3120
3745 3746
997 999
3836 3864
4025 4029
436 437
3464 3467
568 593
2928 2935
1507 1515
886 902
199 201
911 932
1570 1571
797 830
2149 2150
4021 4031
4320 4327
2152 2155
772 773
2360 2370
3160 3177
4102 4104
494 499
3522 3529
4341 4386
3002 3005
4313 4324
2164 2165
1625 1628
1064 1066
503 504
3796 3805
1927 1929
4394 4397
